full_text;sentiment;emotion;;
@IvanDuque Sus socios de las AGC tienen este platanal vuelto mierda, pero no haces nada, usted inservible, ha logrado la peor inflación en Colombia y solo pública maricadas sin sentido, se robó las elecciones para entregar el país, valiente idiota tenemos de presidente.;negative;anger;;
"@PDleh @cokycafe @PGN_COL En Colombia existen miles de leyes para controlar los funcionarios públicos pero a la hora de aplicarlas ""se les olvida que existen"". ¿Que más pruebas quieren? ¿Porque avalan unas elecciones, las del 13 de marzo, donde pado de todo lo que no debía de pasar? Escuchamos  respuestas";neutral;anger;;
Petro ahora es el Capitán América o mejor dicho el Capitán Colombia de ganar las elecciones. No soltara el escudo ni para dormir ?? https://t.co/k56Dv7id1J;positive;joy;;
"#OtraPregunta 
""Petro promete reanudar relaciones diplomáticas con Maduro si gana elecciones en Colombia""...
Esto no pinta nada bien... y si además gana Lula en Brasil...
¿Esto como que va para largo? https://t.co/wpQsl5KoRe";neutral;fear;;
Así como estamos en Colombia no pueden haber elecciones, primero toca proteger el país de los narcoterroristas donde se tiene que empezar por fumigar para acabar con la coca y los narcoasesinos terroristas, las elecciones no serían prioridad hasta que no renuncie el registrador;negative;anger;;
El izquierdista Gustavo Petro lidera encuestas de cara a las presidenciales en Colombia https://t.co/tpk8aLcoE3 via @France24_es;negative;anger;;
@Margaritarosadf Nos llevó el putas, aunque aquí en Colombia también estamos en guerra y como seguramente Petro gana las elecciones vamos a estar peor y sobra decir por obra de quién;negative;fear;;
@Manuel_more17 Es increíble todo lo que pasa en Colombia por una simples elecciones;negative;sadness;;
La cuenta regresiva para las elecciones presidenciales de Colombia se encuentra en su recta final, y el candidato que cuenta de acuerdo a la encuestas con mayor intención de votos es Gustavo Petro #7May https://t.co/JVyQw3MCv7;neutral;joy;;
Paloma Valencia rechaza que la Registraduría y el CNE sean quienes contraten la auditoría en las elecciones https://t.co/AJDHCBt0X5;neutral;fear;;
"A caso en Colombia hay Procuraduría? O si existe está sin cabeza? Las elecciones al Congreso fueron un fraude, hay que anularlas y repetirlas; hay que cerrar el CNE y sacar a todos en la Registraduría, la mayoría para una CARCEL https://t.co/wSfZAJfJcX";negative;anger;;
"Si cometió crímenes los hizo en Colombia, que pague acá cómo van a poner el pueblo de cabezas por las bobadas de un gobierno corrupto, y a pocos días de elecciones presidenciales.
Ahora sí van a joder más el pueblo colombiano";negative;anger;;
Que tristeza que @PGN_COL @FiscaliaCol @RamaJudicialCol @MinInterior NO puedan sacar a  mag @CNE_COLOMBIA Alexander Vega @Registraduria y estén sometidos a un delincuente @petrogustavo, #Colombia merece explicación bodrio elecciones y candidato que se alia con mafias y narcos.;negative;anger;;
"@_RoqueCastro No se procupen. Existe la alternativa que aplicaron el 19 de abril de 1970 cuando le robaron las elecciones a Gustavo Rojas Pinilla y el ""establecimiento"" colombiano crea el M-19, Movimiento 19 de Abril. @ejdecena 
https://t.co/fvxvtCKznD";negative;anger;;
@IvanDuque Quien  da vía libre a paramilitares para sitiar a Colombia y y afectar elecciones @ONUHumanRights @MisionONUCol @Declaracion @RIDH_INHR @CorteIDH @OACNUDH https://t.co/fZ2yFvjIwY;negative;anger;;
Colombia, país donde un expresidente hace un paro armado en plenas elecciones y no pasa absolutamente nada.;negative;anger;;
"???? Después de todo el manto de dudas y fraudes de las pasadas elecciones en #Colombia, que confianza produce las votaciones del 29 de Mayo??
/RT";negative;anger;;
"Puedo apostar, que detrás de todo lo que está sucediendo hoy en Colombia, está la mano siniestra de un venezolano especializado en hacer ganar elecciones a la derecha Fascista.
El mismo que los hizo ganar con el NO a la paz.";negative;fear;;
"Pese a aproximarse las elecciones presidenciales en #Colombia, la violencia sigue en aumento y está vez acabó con la vida de un militante campesino del Pacto Histórico, quien fue asesinado en el departamento de Sucre. 
https://t.co/hBj2dAdLDE
 vía @Agencia_VN https://t.co/WgaZLzY2hW";negative;fear;;
@ghitis Esto solo demuestra que la derecha en Colombia es tibia, es cobarde. Si no, miren al @Registraduria, se robó las elecciones al Senado y nada hicieron los de la supuesta derecha.;negative;anger;;
Un paro armado decretado por un puñado de delincuentes narcotraficantes tiene encerrada a la gente en sus casas a punta de terror. El gobierno de Iván Duque dejó a la población a su suerte, y a 20 días de elecciones lo único que tenemos es miedo. En Colombia todo está muy miedoso https://t.co/hlRUr5bJ9Q;negative;fear;;
Se me hace valioso compartir este párrafo en épocas de elecciones en Colombia. Si la educación va ser gratuíta, vale la pena cuestionarse ¿Qué tipo de educación? ¿Cómo se sostendrá? https://t.co/HVjEQfBgzY https://t.co/O1u3cygERQ;neutral;fear;;
#UribeDioLaOrden el viejo no quiere dejar en paz al país, hizo a colombia invivible para ganar las elecciones. #LaOrdenVieneDeArriba #LaOrdenVieneDeUribe;negative;anger;;
????Elecciones en Colombia: Iglesia entrega Evangelios a candidatos presidenciales https://t.co/IAu7oEjQEU vía @aciprensa;neutral;joy;;
El criminal narcotraficante @IvanDuque busca con desespero crear estado de conmoción nacional que le permita suspender las elecciones presidenciales ante la innegable superioridad electoral del candidato @petrogustavo. El uribismo en #Colombia es capaz de cualquier cosa, ¡pilas! https://t.co/5afrk9TrQK;negative;anger;;
Cuando son las elecciones en colombia ?;neutral;joy;;
@Fercho10615798 Ya la justicia bien justa de Colombia nego la destitución del Registrador así q ojo en las elecciones;neutral;fear;;
@ELTIEMPO Que lo diga antes de las elecciones en Colombia. Eso es un delito, claro que con estas cortes en Colombia vendidas a la izquierda todo es posible;negative;anger;;
(Elecciones Colombia: ¿qué muestran las más recientes encuestas presidenciales?) publicado en https://t.co/XJ7xIbDAXM - https://t.co/kBmI6ABhaM https://t.co/Qp16PJZguR;neutral;joy;;
Con apoyo de @CNE_COLOMBIA @Doris_MendezC nos va a robar Las próximas elecciones presidenciales,  ahora está suplantando a @FiscaliaCol atacando a @CeDemocratico para defender sus aliados los parásitos izquierdistas disfrazados de docentes @fecode . https://t.co/wBM1ge2mcZ;negative;anger;;
A pocas semanas de las elecciones presidenciales en Colombia, el internacionalista argentino Juan Pablo de María dialogó con GPS Internacional para analizar las perspectivas en torno a las implicaciones de una eventual victoria de Petro para la integración latinoamericana.;neutral;joy;;
Cómo que regañan? Ésto es inaudito, cómo no lo suspenden de su cargo? Yo no sé si es un inepto o un tramposo o las dos? No puede tener ese cargo para las presidenciales!!!!! https://t.co/hSGaqSukpR;negative;anger;;
"Le pedí a ?@ElyangelicaNews? , destacada periodista venezolana en el exilio, que le hablara a Colombia y nos contara sobre su país y nuestras elecciones. Esta es una #CartaDesdeElFururo 

Mi columna en ?@RevistaSemana? ???? https://t.co/ZJAOCFSEMj";neutral;joy;;
@magally_zapata Apoyo esa idea no podemos quedarnos quejadonos en Twitter mientras el registrador la izquierda esperan para robarse las elecciones Colombia, merece unas elecciones justas @PGN_COL moviliccemonos a las diferentes registraduria hasta q renuncie  registrador;negative;anger;;
"@losdanieles ¿Sería posible conocer sus argumentos (de todo el equipo de los danieles) acerca de por quién ""votarían""? Me y nos yudaría mucho a una cantidad de personas que no tenemos claro cómo aportarle a Colombia en las próximas elecciones.";neutral;fear;;
@FicoGutierrez @DANE_Colombia Usted que sabe de finanzas? Ya Uribe le escribió lo que tenia que decir, cállese más bien y no escriba pendejadas, el país está ardiendo por órdenes del matarife para boicotear las elecciones y Usted hablando estupideces de las cuales no tiene ni idea. Usted no está apto;negative;anger;;
"¿Qué es la Ley de Garantías y por qué la Corte Constitucional tumbó su reforma?
https://t.co/ONIELKP4wg https://t.co/0KuEhWcVlz";neutral;joy;;
@HELIODOPTERO @cataboc El propósito es que halla elecciones en una Colombia aterrorizada. No podemos caer nuevamente en la trampa, votemos bien. No podemos permitir que el innombrable siga gobernando. Nuestro país necesita un cambio urgente.;negative;fear;;
Ojalá las elecciones en Colombia también se desarrollen en Paz. Pero hay territorios donde la guerra civil continua y hay presencia de Carteles de droga. El Ejército de Colombia es el responsable de garantizar condiciones a votantes;neutral;fear;;
Petro retomará lazos con Venezuela si llega a Presidencia de Colombia https://t.co/U2HIRmOSsR;neutral;sadness;;
"El candidato presidencial Rodolfo Hernández se refirió en Sigue La W sobre las alianzas políticas de cara a las elecciones.
https://t.co/DuBfISBrHx";neutral;fear;;
"campaña de Gustavo Petro,
Algo que el político colombiano, candidato de la izquierda a la presidencia de Colombia en las próximas elecciones del 29 de mayo, ha negado.
Sin embargo, cuando el pasado mes de abril se trasladó a Madrid para tomarle declaración la magistrada de la...";neutral;anger;;
@CARLOSFMEJIA @infopresidencia @FiscaliaCol @PGN_COL @CNE_COLOMBIA Así era que el centro demoníaco obtenía mayorías en las últimas elecciones. Y como tenían su material, ahora sí lo publican. Quién sabe que más fechorías propias les falta por sacar para inculpar a PETRO PRESIDENTE;negative;anger;;
fallas que encontró  @PGN_COL en elecciones a Congreso https://t.co/6dpBhQIKtW y a pesar de todo los aliados de Petro.. Tibisay Lucena C @CNE_COLOMBIA @Doris_MendezC son tan descarados en afirmar que Las elecciones de congreso fueron transparentes , nos van a robar de nuevo;negative;anger;;
.@odonnellmaria y @ertenembaum entrevistan a Francia Márquez, candidata a vicepresidenta en la fórmula de Gustavo Petro para las elecciones presidenciales de Colombia. La cita, este sábado a las 9 P.M. (Miami), 10 P.M. (Buenos Aires) en #Conecta2 https://t.co/oB0KwVMmkn;neutral;joy;;
"@LevyRincon INFAME AUN MAS ES: Aprovechar esta imagen para recordarle a Colombia el miedo y terror que produce la guerrilla. Aunque hoy día estos grupos criminales fueron superados y reemplazados por El uribismo, el  Clan del Golfo  y otros.
Siempre sucede unas semanas antes de elecciones.";negative;anger;;
"@Danielacad3 FICO PRESIDENTE Y SIN TANTA VUELTA
Y Petro el candidato eterno, que alguien le haga un dibujito ya que le hemos dicho en repetidas ELECCIONES que Colombia NO lo quiere y el nada que entiende y pretende robarse las elecciones a fraude , amenazas , terror o comprando conciencias";negative;anger;;
"@CARLOSFMEJIA @infopresidencia @FiscaliaCol @PGN_COL @CNE_COLOMBIA El congreso electo es ilegítimo, no debe posesionarse.
Las elecciones parlamentarias fueron fraudulentas y deben repetirse.
El registrador debe ser retirado del cargo, debe haber una purga en la registraduria.
Cárcel para quienes se les comprueben delitos electorales.";negative;anger;;
@AABenedetti Pero son ustedes los que siembran el terror...Colombia entera los sabe y les cobrará duró en las elecciones próximas, saldrán como pega de guama de la actividad política...no habrá tolda qué lo reciba con su prontuario y él de sus amigotes.;negative;anger;;
"El paro armado está hecho bajo la excusa de la extradición de Otoniel, esto creo más que todo es para meter miedo en la cercanía de las elecciones presidenciales, no sé a que candidato perjudicaría más? 
Pero volvimos a las épocas muy oscuras de la guerra en Colombia.";negative;anger;;
@EliorCymbler @marwhite01 @PalomaValenciaL @MariaFdaCabal @RafaNietoLoaiza El Hampón @Registraduria sigue adelante con su proyecto de robarnos Las elecciones presidenciales a favor de Petro, No podemos confiar en @CNE_COLOMBIA @Doris_MendezC pese a encontrar fraude en elecciones de congreso han manifestado que fueron transparentes, votar 2 veces legal?;negative;anger;;
@ramsisHG7 @arnold3m @Camilo_QuevedoC @PATATAdibujo A ver papito, estas son las elecciones presidenciales. Por si no sabía un presidente dirige todo un país, en este caso Colombia, el cual incluye también a Cali. Así que no importa el color de piel o la ciudad, a todos nos incumbe pedazo de tarado y racista;negative;anger;;
Lo más visto del día: @LaNocheNTN24: '¿Por qué cree usted que debe ser suspendido Alexander Vega, Registrador Nacional del Estado Civil a 23 días de las elecciones presidenciales en Colombia? Responde el abogado constit… https://t.co/GYNN43Mzj2, see more https://t.co/V2dteOMxQQ;neutral;anger;;
@LaNocheNTN24 @CGurisattiNTN24 @Germancalderon1 @JeffersonNTN24 NO TENGO CONFIANZA EN EL CNE, NI EN LA REGISTRADURIA. Es evidente que han mucho dinero de por  medio para favorecer a Gustavo Petro, porque el y todo el mundo sabe que si no es robándose las elecciones nunca va a ser presidente. La Democracia Colombia nunca a estado tan amenazada;negative;anger;;
@montanertwiter Te pido que ores con todo tu corazón por el bien de Colombia, para que no nos caigamos en desgracia en las próximas elecciones. Gracias ????;positive;joy;;
@NTN24 Ayúdenos Claudia en@el@exterior que las ong hablan mal del colombia y creen buenos a los bandidos guerrillero … nos quieren Tovar las elecciones;negative;anger;;
@OBJECONCIENCIA @HamonJairo @waldoalarconho1 @BeatrizCano25 @darimer_g @petrogustavo @Registraduria @CNE_COLOMBIA De que sirve que Colombia vote por @FicoGutierrez sí el Hampón @Registraduria nos va a robar Las próximas elecciones presidenciales con el apoyo de Tibisay Lucena colombiana @CNE_COLOMBIA @Doris_MendezC , ellos son aliados de Petro. @PGN_COL despierte, @FiscaliaCol adiós país.;negative;anger;;
"Si Duque ""NO actúa contra el @RegistraduraCol y el @CNE_COLOMBIA ante el robo de las elecciones del 13 de marzo y deja todo igual para el 29 de mayo, pasará a ocupar el primer lugar de Santos, porq será traidor y con él se robaron elecciones del congreso y de presidencia...!";negative;anger;;
@Soylaauraaa @richiparedesh Dios que angustia. Ojalá alguien haga algo. Que impotencia. Si quieren que se queden con las elecciones, pero que dejen a Colombia en paz.;negative;fear;;
@NTN24 se siente el sesgo de parte del CNE,por parte de ese magistrado además dice que está investigando pero están es ganando tiempo a que pasen las elecciones no están pensando para nada en Colombia.;neutral;sadness;;
"@FicoGutierrez La guajira solo es parte de Colombia en época de elecciones solamente 
Cuando llegan al poder ni se acuerdan";negative;anger;;
@EEColombia2020 @JEP_Colombia Lo de la guerrilla que espere, estamos en elecciones y hay que impulsar al candidato guerrillero ( Petro) , todo los que sea falsos positivos , autodefensas y que sirva para ensuciar a Uribe injustamente hay que filtrarlo ya !!!!!;negative;anger;;
"Colombia está siendo agitada sutilmente mientras se acercan las elecciones. ???? parece resistirle al comunismo, la izquierda sin el poder hace estragos, mientras algunos duermen otros no lo pueden hacer por la violencia. Da angustia ver notícias. 

¿Conmoción Interior?....";neutral;fear;;
@Enrique_GomezM Hay que sacar al registrador y desbaratar lo que deben tener planeado para robarse las elecciones. Procuradora y fiscalía, está en sus manos salvar a Colombia de las garras del señor de las bolsas y sus malandros.;negative;anger;;
@PGN_COL @moecolombia @Transparente1co @MinInterior @CNE_COLOMBIA @IvanDuque @mluciaramirez @FiscaliaCol ????QUÉ ESTÁN ESPERANDO PARA ACTUAR???  HAY SUFICIENTES PRUEBAS DE FRAUDE EL 13 DE MARZO!!??NO HAY GARANTÍAS PARA LAS ELECCIONES PRESIDENCIALES EN COLOMBIA??@Almagro_OEA2015 https://t.co/zgcvhu5HSj;negative;anger;;
En #QuímicaEnLaFórmula, la candidata Ingrid Betancourt contó qué tanto sabe de su fórmula, en el camino a la Presidencia de Colombia ?? https://t.co/KTgkWN1G2H;neutral;joy;;
@CGurisattiNTN24 El senador de Colombia en EEUUtiene toda la razón sino tienen gente preparada para las elecciones nos van a robar la libertad en primera vuelta;negative;anger;;
@MONYRODRIGUEZOF Piensan sabotear las elecciones, sospechoso si es a días de las elecciones y el ejército de Colombia nuestros héroes, brillan por su ausencia por algo será ...;negative;anger;;
@_RoqueCastro Roque visualiza tu candidato ganador,visualiza la victoria de COLOMBIA. No declaren a ese hombre ganador. Trabajen su localidad Colombia está a Tiempo de salvar su pellejo y bueno toca trabajar duro..en estos días que quedan para las elecciones. ????????;negative;anger;;
"@RevistaSoHo Resultado de las elecciones: 
80% que se vaya Marbelle de Colombia
15% todos demás candidatos
5% voto en blanco ns/nr";neutral;joy;;
@JulianFMartinez @IvanDuque @DNP_Colombia Por ahí escuché que no van a comprar votos sino que que van a pagar por retener las cédulas hasta después de las elecciones;negative;anger;;
@HELIODOPTERO @petrogustavo El que llena plazas cada 4 años le votan el día de elecciones los mismos 4 millones, pero claro el mismo cuento que dizque le roban las elecciones. Colombia le dirá No a  Petro por enésima vez.;negative;anger;;
#ParoArmado nos afecta a todos está ola de violencia antes de elecciones , anhelo ver a mi colombia sin violencia , en paz , pero creo que es soñar despierto  ??;negative;anger;;
@davoelbravo @CARLOSFMEJIA @el82ye78 @infopresidencia @FiscaliaCol @PGN_COL @CNE_COLOMBIA Por qué cree que no hacen nada, por la sencilla razón que no hay nada, no existen evidencias, perdieron las elecciones.;negative;anger;;
"#ColombiaDecide | Fajardo les respondió a quienes le piden un encuentro con Gustavo Petro

https://t.co/5IhrL6apo4";neutral;joy;;
@MariaFdaCabal El @CNE_COLOMBIA  es de izquierda ,por eso la democracia de colombia esta en peligro...no tocan al registrador vega y se la pasan sacando encuestas chimbas donde gana el kk...nada q hacer no hay garantías ,nos van a robar las elecciones para montar a petro.;negative;anger;;
@RoxanaKreimer Colombia, Roxana las cosas están terribles acá, el 29 de mayo son las próximas elecciones presidenciales.;negative;sadness;;
"@lauraro Yo vote por el NO y hoy siento que nos podría pasar lo mismo con las próximas elecciones si no actuamos unidos!!
Dejemos el odio irracional, aquí se trata es de salvar el presente y futuro de Colombia!
Quien más se une??";negative;fear;;
Que sentirá el registrador nacional de Colombia que los ciudadanos no le tienen confianza en su trabajo que dejó que pasaran irregularidades en su misión y que su trabajo es oscuro por el montón de casos ilegales en las elecciones de congreso , las cortes mirando para otro lado.!;negative;joy;;
Las próximas elecciones en Colombia. Demócrata. https://t.co/MolYppvL8o;neutral;joy;;
"??ESTE ES EL NÚMERO UNO EN LA @Registraduria CUMPLIENDO
CON LA “MISIÓN” y “VISIÓN”DE
NEGOCIAR RESULTADOS EN LAS
ELECCIONES DE COLOMBIA?? https://t.co/dpErXAOzS1 https://t.co/OvRAyhSRG8";neutral;joy;;
"Colombia murió el día q J.M. Santos fué elegido presidente. No fué al azar la denominación ""Día D"" q se le dió al supuesto ""primer día de paz"" luego d la firma d la rendición del estado ante el narcoterrorismo d las farc. No obstante les diremos NO aunque se roben las elecciones. https://t.co/OqmnQdbn8O";negative;anger;;
El izquierdista Gustavo Petro lidera encuestas de cara a las presidenciales en Colombia https://t.co/KwZGzx3Vom;negative;anger;;
¡TOMA NOTA! La violencia del conflicto armado en Colombia resurge antes de las elecciones https://t.co/fPOo1Fwjq7;negative;fear;;
@PGN_COL S.O.S. Colombia no podemos permitir que nos roben las elecciones. Viva @PalomaValenciaL gran patriota https://t.co/N9ro2Fy5fF;positive;joy;;
Que mierda que los favoritos a ganar las elecciones tengan todos escándalos de corrupcion XDD ay mi Colombia;negative;anger;;
"#ColombiaDecide | Petro sobre arremetida de Clan del Golfo: “Quien mataron en Sucre es militante del Pacto Histórico”. 

El candidato habló al respecto durante acto de campaña en Valledupar https://t.co/o16oE6dF2C";neutral;fear;;
Ya nos habían dicho que iban a ser una de las elecciones más violentas de Colombia. Duele el país. #ParoArmado https://t.co/XKULPQogXr;negative;anger;;
"La diferencia entre las elecciones de Venezuela 1999 y Colombia 2022, es que en Colombia ya ""vimos el futuro"".

En el momento en que el socialismo llegue al poder, el empresario se va del país.

El empobrecimiento del país será a mayores velocidades.";negative;;;
No les parece raro q a pocos días de las elecciones presidenciales en colombia extraditen un narcotraficante para ocultar la verdad, y como consecuencia de esto desencadena un paro armado en algunas regiones del país. Quieren salvar a colombia de Petro! Se necesita un cambio ya!!;negative;anger;;
Mucho discurso barato, mucho bla...bla...bla y 200 Vehículos quemados, el Club del Clan con el Control en todo el País. Acá Iván Duque no es el Presidente, Otoniel le dió Golpe de Estado, las Elecciones Controladas por Fraude, y, Colombia en guerra, pero aquí no ha pasado nada.;negative;anger;;
@PGN_COL @RedMasNoticias @NoticiasCaracol @NoticiasRCN @elespectador @ElNuevoSiglo @AtlanticoEmi @larepublica_co @elheraldoco @RevistaSemana @BluRadioCo Y es que la procuraduria existe en colombia ?vea ps ,la hora de aparecer a 15 dias de elecciones presidenciales cuando ya no hay nada que hacer muy charros;negative;sadness;;
En la Video Columna de La Conversa, este sábado 8:00 p.m.,  análisis sobre la actualidad política y social de Colombia, a escasos días de elecciones presidenciales. https://t.co/DcJRYFli9t;negative;fear;;
"@Rettador @petrogustavo @Registraduria @PactoHistorico SI COLOMBIA QUIERE TENER UNAS ELECCIONES DIÁFANAS LIMPIAS Y TRANSPARENTES 
DEBE RETIRAR ESE REGISTRADOR Y TERMINAR EL NEFASTO CONTRATO CON INDRA 
O SE PIERDE LA DEMOCRACIA LA LIBERTADAD DE LOS COLOMBIANOS Y EL PAÍS. 
NO AL REGISTRADOR EN ELECCIONES PRESIDENCIALES.";negative;anger;;
@Karlaarcila Un día un traidor infame, se robó un plebiscito, ilegalmente lo implementó, el congreso lo avaló cómplice del robo pues sus representados dijeron No, como pueblo dormido no protestamos de forma  contundente, por eso hoy se quieren robar las Elecciones. Hay que salvar a Colombia. https://t.co/nwTpis2e8C;negative;anger;;
@CARLOSFMEJIA @infopresidencia @PGN_COL @FiscaliaCol @CNE_COLOMBIA Hace 4 años un perro rabioso se robó las elecciones;negative;anger;;
"Qué buena esta herramienta de @elespectador para encontrar el candidato afín a la visión de país que uno quiere. #Recomendada ?
Útil y pedagógica. 
#MatchPresidencial 
https://t.co/mIcCgFHjXy";positive;joy;;
Parece que Petro quiere incendiar a Colombia antes de las elecciones!;negative;anger;;
El candidato a la Presidencia de Colombia Gustavo Petro, anunció este viernes que retomará las relaciones diplomáticas con Venezuela si gana las elecciones y llega a la jefatura del Estado colombiano.;neutral;sadness;;
"Procuraduría alerta que 2925 jurados de votación están inhabilitados para estar en las presidenciales.
6 de mayo 2022
https://t.co/J4x8h9QGBR";neutral;fear;;
@JuanDanielMos19 Pendejo eso ya pasó en 2018, parece que tú y las putas uribistas no saben ni que pasó en las elecciones de cada 4 años, otra prueba que en Colombia en un país de mierda con gente muy pendeja.;negative;anger;;
"@NHolhuin @alezandrazam72 Modelo de Tutela que busca dar ""Tranquilidad"" Para las Elecciones Presidenciales del #29Mayo 2022 en #Colombia 
https://t.co/DRb5uWlUa3";neutral;anger;;
"@AldumarForeroO @alezandrazam72 @PGN_COL Modelo de Tutela que busca dar ""Tranquilidad"" Para las Elecciones Presidenciales del #29Mayo 2022 en #Colombia 
https://t.co/DRb5uWlUa3";neutral;anger;;
Haga “match” con la elección presidencial | EL ESPECTADOR https://t.co/nl4e0pwVr4;neutral;joy;;
"@Diujarlo825did2 @UltimaHoraBLU Modelo de Tutela que busca dar ""Tranquilidad"" Para las Elecciones Presidenciales del #29Mayo 2022 en #Colombia 
https://t.co/DRb5uWlUa3";neutral;anger;;
"Modelo de Tutela que busca dar ""Tranquilidad"" Para las Elecciones Presidenciales del #29Mayo 2022 en #Colombia 
https://t.co/DRb5uWlUa3 @FicoGutierrez @lafm @MariaFdaCabal";neutral;anger;;
@CARLOSFMEJIA @infopresidencia @FiscaliaCol @PGN_COL @CNE_COLOMBIA Deberían hacer traslados de los REGISTRADORES  REGIONALES LOCALES . Evitar que se queden en los mismos sitios de las elecciones para congreso y consulta.;positive;anger;;
(Elecciones Colombia: ¿qué muestran las más recientes encuestas presidenciales?) publicado en https://t.co/XJ7xIbDAXM - https://t.co/kBmI6ABhaM https://t.co/nSvSYkakSV;neutral;joy;;
@CARLOSFMEJIA @infopresidencia @FiscaliaCol @PGN_COL @CNE_COLOMBIA #PorMiPaísYo Yo exijo garantías para las elecciones Presidenciales, No hay garantías electorales con el Registrador Vega.;negative;anger;;
"¿Se retirará un candidato presidencial? Esto respondieron los candidatos ante la pregunta de El Espectador en el debate organizado en Eafit, en Medellín. 
https://t.co/XTfCIWOp9Z";neutral;joy;;
"La polarización nos destruye!

Menos mal que la mayoría de colombianos tenemos ideología de centro! Tenemos el poder de salvar a nuestra familia de esta crisis que se avecina!

La opción de cambio es @sergio_fajardo
#FirmesConFajardo
#UnPresidenteProfesor

https://t.co/GF4Fb9yOaz";positive;joy;;
@JhonFalcon11 @KamiloAlvarez @LEO0492 @ecoaneko @fdbedout @donarielm @CesarPachonAgro @LauraMMoficial @LuzMBernalParra @Betocoralg https://t.co/LqVeIRR8oh ello pollo Carvajal va a cantar y Petro va tener que correr.;positive;joy;;
@ANIABELLO_R @Karlaarcila tienen las elecciones cuadradas para que gane el hampón de @petrogustavo como sea.Yo no creo en la @Registraduria ni en @IndraenColombia que tiene cuestionamientos de su software en otros países pero la @CGR_Colombia @PGN_COL @CNE_COLOMBIA pasan de agache y no dicen ni hacen nada;negative;anger;;
@ernestomaciast @Registraduria @PGN_COL tienen las elecciones cuadradas para que gane el hampón de @petrogustavo como sea.Yo no creo en la @Registraduria ni en @IndraenColombia que tiene cuestionamientos de su software en otros países pero la @CGR_Colombia @PGN_COL @CNE_COLOMBIA pasan de agache y no dicen ni hacen nada;negative;anger;;
"Rodolfo Hernández: “Fajardo como que ya pasó a la historia”. 
https://t.co/TNKkWRoArj

#Elecciones2022 #ColombiaDecide https://t.co/15lS8za2CK";neutral;joy;;
En Colombia con las elecciones;neutral;joy;;
"@DIAPOLA @MargaritaRepo @caballobraulio @petrogustavo @PGN_COL @CNE_COLOMBIA @IvanDuque @infopresidencia ADELANTE CON LA TUTELATÓN. QUIEN SE APUNTA??' ...ALLI GANAMOS, LOS BUENOS, QUE SOMOS MAS; FRENTE AL #PACTOVEGAPETRO PARA ROBARSE LAS ELECCIONES cesaraugustoramirezvalencia@gmail.com si me das tu correo envío tutela. GRACIAS UNIDOS GANAMOS #FICOPRESIDENTE  https://t.co/KpcXgLOFOJ";negative;anger;;
"Occidente es debil solo había atacar a Colombia con paro nacional, elecciones limpias, Rusia atacara Ucrania lavadero de Nazis, China bloqueara su cadena suministro y Patron oro volviera
Bitcoin se expanda en todo el mundo";negative;anger;;
@BOLIBAR2 @AndresPastrana_ @santiagoangelp Dios lo oiga!!!  ??Colombia!  No hay garantías para las elecciones presidenciales 2022!!! @Almagro_OEA2015 @PGN_COL @moecolombia @Transparente1co @MinInterior @marcorubio @MaElviraSalazar @cayetanaAT @IvanDuque @mluciaramirez @soyfdelrincon @patriciajaniot ??Colombia!!;negative;anger;;
"El pedido que le hizo la Conferencia Episcopal a los candidatos presidenciales.

https://t.co/ODJYR5Pk6u https://t.co/lgKq03wQma";neutral;fear;;
"Se acercan las elecciones presidenciales en Colombia y las comparaciones con Venezuela han sido inevitables.  ¿Está Colombia como Venezuela? #Análisis  por @jgmartinez522

Haz clic en el video para más detalles ??
 https://t.co/zfKDhPWfAK";neutral;fear;;
"Yo no tengo ni beneficios ni problemas derivados de las elecciones presidenciales en Colombia 2022.

Elijan a quien elijan, el 30 de mayo me toca ir a trabajar y el 8 de agosto creo que también.";neutral;anger;;
@MartinSantosR Un día un traidor, se robó un plebiscito, ilegalmente implementó un FARCACUERDO el congreso lo avaló cómplice del robo pues sus representados dijeron No. Como pueblo dormido no protestamos de forma  contundente, por eso hoy se quieren robar las Elecciones. Colombia libre de Petro;negative;anger;;
@CCSILVA86 @jlreales @Lolita_Celedon @petrogustavo Quien llena, llena antes, durante o despues del festival, eso no es nuevo para la campaña de Petro quien vienes desde las elecciones pasadas llenando plazas en toda Colombia.;positive;joy;;
"#ColombiaMiElección Bajo el lema: “¡Liberemos a Colombia de las maquinarias y la corrupción!”, la aspirante a la presidencia, Ingrid Betancourt, presentó las líneas estratégicas del plan de gobierno.

https://t.co/j8H8rcwrmW";positive;joy;;
"El candidato a la Presidencia favorito de #Colombia, #GustavoPetro anunció este viernes que retomará las relaciones diplomáticas con #Venezuela si gana las elecciones y por lo tanto reconocerá al legítimo gobierno del presidente #NicolásMaduro. 

#Nicaragua https://t.co/ZLhSABBjNj";neutral;anger;;
"@ambar_ponte @DiegoFi27933574 @brisa7766433br1 @PGN_COL @moecolombia @CNE_COLOMBIA ADELANTE CON LA TUTELATÓN. QUIEN SE APUNTA??' ...ALLI GANAMOS, LOS BUENOS, QUE SOMOS MAS; FRENTE AL #PACTOVEGAPETRO PARA ROBARSE LAS ELECCIONES. SOMOS MAS UNIDOS https://t.co/KpcXgLOFOJ";negative;anger;;
Mi foto según el Match Presidencial de @elespectador @cifrasyconcepto El candidato que me salió sí corresponde a mi posible voto. Si no lo han hecho les dejo el link. https://t.co/FA4Qjpwir0 https://t.co/bNziTOmBCr;neutral;joy;;
"@CARLOSFMEJIA @LuzElenaGuzma13 @infopresidencia @FiscaliaCol @PGN_COL @CNE_COLOMBIA ADELANTE CON LA TUTELATÓN. QUIEN SE APUNTA??' ...ALLI GANAMOS, LOS BUENOS, QUE SOMOS MAS; FRENTE AL #PACTOVEGAPETRO PARA ROBARSE LAS ELECCIONES. SOMOS MAS UNIDOS https://t.co/KpcXgLOFOJ";negative;anger;;
"Uds. ya hicieron su match presidencial ? 

Me sorprende la similitud de propuestas y la identidad complementaria que se establece entre un candidato y otro. 

| EL ESPECTADOR https://t.co/XdpMkeDnRM";positive;joy;;
Bueno colombia entonces nos vamos a calar al registrador Alexander Vega en las elecciones presidenciales porque a él no le da la gana de renunciar ni los hijueputas poderes de control le piden la renuncia;negative;anger;;
Una vez más, en la plaza Alfonso López ,tal como se había planeado ,la tarde de este viernes 6 de Mayo ,llegó a Valledupar @petrogustavo Máximo candidato a vencer en las próximas elecciones a la presidencia por Colombia. https://t.co/YYpzUWPN1C;neutral;joy;;
Estas elecciones hicieron una radiografía de todos los problemas fuertes de Colombia: La violencia, el desconocimiento de la constitución, la corrupción, el afán del gobierno de turno por evitar que les saquen los trapitos al sol, la poca ética de los medios, la ignorancia.;negative;fear;;
@NilsonJavierB @eliecer_e @CNE_COLOMBIA @moecolombia @DELAESPRIELLAE @AndresPastrana_ @PalomaValenciaL @RevistaSemana @CConstitucional @CorteSupremaJ @DefensoriaCol @USEmbassyBogota @felipesancheztv @consejodeestado Vega lo que debe es ir preso y anulación de esas elecciones.;negative;anger;;
Se nos van a robar las elecciones ... Tibisay Vega no se va ?? y Colombia trinando, hay que hacer algo...;negative;anger;;
"@AndresElGury @CNE_COLOMBIA ????????BERRACO este Man!!
 Esos son los líderes  que hay que seguir y  respaldar, no a los que se quedan callados mientras se roban unas elecciones a la vista de todo el mundo.
Siiii partidos políticos!!! es con ustedes,  COBARDES!!
Excepto  @Enrique_GomezM";negative;anger;;
@CARLOSFMEJIA @infopresidencia @FiscaliaCol @PGN_COL @CNE_COLOMBIA Las elecciones a @SenadoGovCo SE DEBER REPETIR…;neutral;anger;;
El candidato a la Presidencia de Colombia por el Pacto Histórico, Gustavo Petro, anunció este viernes que retomará las relaciones diplomáticas con Venezuela si gana las elecciones y llega a la jefatura del Estado, informó el periódico local El Tiempo. (RT) https://t.co/AKl1lblBuO;neutral;anger;;
¡TOMA NOTA! La violencia del conflicto armado en Colombia resurge antes de las elecciones https://t.co/fPOo1FeIyz;negative;anger;;
"Modelo de Tutela que busca dar ""Tranquilidad"" Para las Elecciones Presidenciales del #29Mayo 2022 en #Colombia 
https://t.co/Mg9cirfTIo";neutral;anger;;
"El 29 de mayo hay elecciones presidenciales en Colombia.
Gustavo Petro, candidato de izquierda, va primero en las encuestas y debe dar sus discursos con chaleco antibalas y rodeado de escudos. Las parapoliciales y del narco quieren asesinarlo. Ya asesinaron a muchos dirigentes. https://t.co/Q7Z4r155OO";negative;anger;;
¿Preparados para la guerra civil que se nos viene si la @Registraduria, el @CNE_COLOMBIA, y el @consejodeestado se roban las elecciones?;negative;anger;;
@PGN_COL @RedMasNoticias @NoticiasCaracol @NoticiasRCN @elespectador @ElNuevoSiglo @AtlanticoEmi @larepublica_co @elheraldoco @RevistaSemana @BluRadioCo tienen las elecciones cuadradas para que gane el hampón de @petrogustavo como sea.Yo no creo en la @Registraduria ni en @IndraenColombia que tiene cuestionamientos de su software en otros países pero la @CGR_Colombia @PGN_COL @CNE_COLOMBIA pasan de agache y no dicen ni hacen nada;negative;anger;;
@jorgeborjajp @lafm @FiscaliaCol tienen las elecciones cuadradas para que gane el hampón de @petrogustavo como sea.Yo no creo en la @Registraduria ni en @IndraenColombia que tiene cuestionamientos de su software en otros países pero la @CGR_Colombia @PGN_COL @CNE_COLOMBIA pasan de agache y no dicen ni hacen nada;negative;anger;;
?????? y se les llena la boca diciendo ...lleno total. Así viven, de fantasías! #fico #FueraPetro #fueraextremaizquierda  #petro #Colombia #Elecciones https://t.co/La0TI0hmqg;negative;anger;;
"@andreash1 @SofyCasas_ @lacoutu @Registraduria @consejodeestado @CConstitucional @CNE_COLOMBIA @FiscaliaCol ADELANTE CON LA TUTELATÓN. QUIEN SE APUNTA??' ...ALLI GANAMOS, LOS BUENOS, QUE SOMOS MAS; FRENTE AL #PACTOVEGAPETRO PARA ROBARSE LAS ELECCIONES. SOMOS MAS UNIDOS https://t.co/KpcXgLOFOJ";negative;anger;;
Estas elecciones son la Colombia buena y decente con #Fico vs un grupo de delincuentes comandados por @petrogustavo , asi de sencillito papa!;negative;anger;;
Gastón Garriga: cómo multiplicar algunas ideas de CFK/Colombia avanza hacia elecciones con Petro amenazado/Interacción con oyentes.;neutral;joy;;
"@WRadioColombia @ernestomaciast La gente se está preparando en todas las ciudades para evitar que a quienes apoya este señor Macías cumplan el objetivo que no lograron en las elecciones al senado. 
https://t.co/0KhoxnIwgR";neutral;joy;;
"@petrogustavo #pactopicota nos más terrorismo Gustavo! no más asesinatos están acabando con Colombia, no sigan amenazando a las personas por el voto.
Las elecciones se ganan con propuestas reales, no con sangre.";negative;anger;;
#ColombiaDecide | Gustavo Petro contó con gran afluencia en la plaza Alfonso López, en Valledupar. Por más de una hora el candidato del Pacto Histórico expuso sus propuestas y compartió con algunos de sus simpatizantes. Más en https://t.co/0Rr4ts0rOv https://t.co/iKv6rxoH7m;neutral;joy;;
"@petrogustavo Esto está imparable!
 #ProgresistaSigueProgresista , #SúmateAlCambio , #YaLlegaElCambio .
Sigamos sumando y logremos transformar a Colombia con Petro y Francia! A ganar las elecciones en primera vuelta! Sígueme y te sigo!";positive;joy;;
"Colombia es estado fallido y pretenden ser juez de países vecinos circundantes, el matarife
@AlvaroUribeVel, no puede (ó no quiere) parar a sus paracos.
Triste vida la de los más pobres en ese país de grandes perspectivas, Dios les ilumine y den vuelta de timón en las elecciones.";negative;anger;;
@AlvaroUribeVel El creador del paramilitarismo en Colombia es usted señor , además quien debe garantizar la seguridad es la marioneta que puso de presidente, ahora como van perdidos en las elecciones porque el inútil de Fico les salió peor que Duque, toca sacar el truco llenar de terror;negative;anger;;
1) COLOMBIA ELECCIONES 2022 ¿PUEDE HABER FRAUDE? 2) LA EXTRADICIÓN A NYC... https://t.co/GYUjagjlcR vía @YouTube;negative;anger;;
@RevistaSemana Una pregunta seria, cada vez que hagamos elecciones en Colombia vamos a vivir este psicoterror de una parranda de bandoleros y delincuentes tratando de tomar el poder y terminar de joder  Colombia ?;negative;fear;;
"¿Qué comunica Luis Pérez con su forma de vestir? En este nuevo capítulo de #ElHiloEE le contamos.
https://t.co/BQkQzsnqUW

#Elecciones2022 #ColombiaDecide https://t.co/wN9s5TcbbW";neutral;joy;;
@CARLOSFMEJIA @marwhite01 @infopresidencia @PGN_COL @FiscaliaCol @CNE_COLOMBIA Exigimos se suspenda elecciones para primera vuelta, hasta no se esclarecer como ocurrió el MEGA-FRAUDE en las elecciones a senado y cámara donde 300.000 jurados,CNE y el registrador TIBISAY VEGA  le validaron por arte de magia 1.500.000 votos al PACTO DE LA PICOTA @petrogustavo;negative;anger;;
@CARLOSFMEJIA @infopresidencia @FiscaliaCol @PGN_COL @CNE_COLOMBIA Quédese calladito porque como se solicite un reconteo de las pasadas elecciones a la presidencia el Títere le va bien mal;negative;anger;;
#ColombiaDecide | Federico Gutiérrez estuvo en San Andrés y la Guajira, analizó el panorama ante la disputa de mar con Nicaragua y aseguró que no dialogaría con el Gobierno de Daniel Ortega. Más en https://t.co/0Rr4ts0rOv https://t.co/Au02d1r31M;neutral;joy;;
#ColombiaDecide | Sergio Fajardo avanza en su campaña política desde Boyacá, allí se reencontró con Carlos Amaya y aprovechó para hablar de la importancia de la minería en el país pero con una transformación desde el ámbito social. Más en https://t.co/0Rr4ts0rOv https://t.co/341nWKZGkR;neutral;joy;;
@Registraduria @PGN_COL @CGR_Colombia @moecolombia Muy buenas garantias, dan el soporte de que quieren brindar un buen servicio y seguridad en las próximas elecciones, para que por fin todos los Colombianos se animen a ser parte de una nueva Colombia;negative;sadness;;
"#Colombia El Tribunal Administrativo de Cundinamarca lanzó duros cuestionamientos al funcionario y dejó la decisión en manos de la Procuraduría.
https://t.co/p10xZKLDMk";neutral;joy;;
"#LoMásLeído en Política: Los votos que se necesitan para ganar la Presidencia en la primera vuelta. https://t.co/0bFRvQvtBG

#Elecciones2022 https://t.co/s1wTYyxS4d";neutral;joy;;
"@jarizabaletaf @NanaGioys Lo que puso al @CeDemocratico en el senado y a Duque como presidente en 2018 ahora resulta que es un “torcido” sólo porque no es de su lado

Piden la salida del registrador y se ponen a chillar como hizo el perdedor de ésos tiempos. 
Uribestias = Mamertos.
https://t.co/Zwz6ilaQqK";negative;fear;;
@Registraduria @PGN_COL @CGR_Colombia @moecolombia me sorprende tanta campaña para demostrar claridad de las elecciones y ni así solo saben decir fraude pero nunca los veo en las verificaciones;negative;anger;;
A semanas de las elecciones en #Colombia ¿será que la ola progresista se extiende hacia el norte del sur? https://t.co/0r6fEbL6Ht;neutral;joy;;
No nos estamos cuenta que el tal paro armado del Golfo es patrocinado y en mancuerna con el @PactoHistorico y nos están AVISANDO lo que le espera a Colombia si el GUERRILLERO ASESINO EXTORSIONADOR SECUESTRADOR Y CORRUPTO IFUEPUTA NO gana las Elecciones,DIOS protejenos..;negative;anger;;
@BecerraGabo @heidy_up @AidaAvellaE @AlirioUribeMuoz @delmarpizarro @HERACLITOL @DavidRacero @petrogustavo @FranciaMarquezM @UP_Colombia Se activan los colectivos uribistas al ver perdidas las elecciones ajuaaaaaa #ParoArmado;negative;anger;;
"Petro promete reanudar relaciones diplomáticas con Maduro si gana elecciones en Colombia
#TalCual #ClaroyRaspao #AmigosDeNuevo 
https://t.co/Kpm7VZPOox https://t.co/FFUdOj0IIN";neutral;joy;;
"@jarizabaletaf El @CNE_COLOMBIA NO DEBE ENTREGAR UNA SOLA CREDENCIALES los nuevos congresistas hasta tanto Alexander Vega sea suspendido d @Registraduria y Sean recontados uno a uno la totalidad de los votos.
Si Vega sigue en su cargo, SE VAN A ROBAR LAS ELECCIONES PRESIDENCIALES !!";negative;anger;;
"Este mes antes de elecciones será de terror en Colombia, carros bomba, atentados, masacres, fake news etc.. harán lo que sea desesperados por mantenerse en el poder.
Una pesadilla vivir en este país. @AlvaroUribeVel";negative;fear;;
@LaNocheNTN24 @LuisGPerezCasas @CGurisattiNTN24 Bla bla bla … nos van a robar las elecciones de mayo . Ojo Colombia ???? no estoy de acuerdo con el fallo. No hay justicia;negative;anger;;
@guillodevalde @Registraduria @PGN_COL @CGR_Colombia @moecolombia Es que lo realmente malo es que no asisten para ser participes de las garantias y luego se están quejando de que se roban las elecciones cuando realmente no es así;negative;anger;;
"Juntos lograremos un país de orden y oportunidades para todos????

 #FicoPresidente #MeIdentiFICO #Propuestas #Agro #PlanDeGobierno #Elecciones #Politica #Salud #Libertad #Democracia #Colombia";positive;joy;;
"De aquí a 23 dias de elecciones 
Y con la ayuda de el clan del Golfo habrá un golpe de estado de toda las ffmm de Colombia.Policia,Ejercito,paramilitarismo, Y aguilas negras en general.todas ellas.unidas.Dios proteja a Colombia de tanto bandido en el poder.";negative;fear;;
"@AndresElGury @CESARAMEJIA @CNE_COLOMBIA SEGUIMOS ADELANTE CON LA TUTELATÓN. QUIEN SE APUNTA??' ...ALLI GANAMOS, LOS BUENOS, QUE SOMOS MAS; FRENTE AL #PACTOVEGAPETRO PARA ROBARSE LAS ELECCIONES https://t.co/KpcXgLOFOJ";negative;anger;;
Sobre lo de RCN y el Ing… me cuesta pensar que este país me lleve a vivir el dicho de “piensa mal y acertarás” con todo el Histórico de la política, pero, seré la única con la duda de si en verdad fue matoneo o estrategia? 20 días antes de elecciones? Casualidades en Colombia?;negative;anger;;
@PuertaRestrepo4 Pilas amigos colombianos que este tipo @MashiRafael se robó desde la esperanza hasta la banda presidencial de El Ecuador, de billete ni hablar suerte en las elecciones x una colombia sin comunismo;negative;anger;;
"No. Y están en mora las autoridades para mostrar resultados contra los que votaron dos veces en las parlamentarias y el más de millón de votos que marcaron en corferias. Se van a robar las elecciones.

#ElRiesgoEs #QuienRespondePor #ColombiaDecide #Colombia #FicoPresidente2022 https://t.co/UsQPm1tvcH";negative;anger;;
@BluRadioCo #LaEleccionEsColombia Paso en los EEUU, Reino Unido,Francia, Italia, España, Argentina, Chile, Perú...Quien garantiza que en Colombia no se robarán las elecciones? Los Colombianos no elegimos Presidentes, son puestos por poderosos Masones a quienes se les llama Estado Profundo. https://t.co/8pRRJUUf4K;negative;anger;;
@_21jordig @petrogustavo @FranciaMarquezM @petrogustavo y @FranciaMarquezM presidente y vicepresidente de Colombia. Elecciones 2022.;neutral;anger;;
@PATATAdibujo Total que bajeza, no eso no se hace, como duelen estás elecciones en Colombia, por un lado los candidatos con hambre de poder, por el otro los colombianos aburridos porque estamos en el escenario del menos peor y pa rematar un odio brutal entre todos, Colombia dueles;negative;sadness;;
"En el Encuentro conocimos el Informe de Participación Política de las Mujeres en Elecciones 2022.

Nos complace ver que el @PartidoMIRA sigue siendo un referente de participación política real de la mujer en Colombia ???? @carlos_guevara @Virguez @AnaPaolaAgudelo @aydeelizarazoc https://t.co/5D40b9TSAC";neutral;joy;;
@AndresElGury @CNE_COLOMBIA Definitivamente el CNE NO da confianza alguna, parecen estar politizados, entraban los cursos normales de lo constitucional y eso  es GRAVISIMO, ESTA PASANDO CON LA REVOCATORIA Y ESTA PASANDO CON LA REGISTRADURIA con las ELECCIONES, ESTAMOS EN UN INMINENTE RIESGO COMO DEMOCRACIA;negative;fear;;
Un abrazo fuerte @CamiloRomero en próximas elecciones espero que mi voto sea por Usted, desde el cielo  tu madre iluminará ese camino, y el de Colombia hoy.?? https://t.co/IiVUDKZpb0;positive;joy;;
"¡Está Joya está disponible en Netflix! 

*Ojalá Colombia la vea antes de las elecciones. #LaDictaduraPerfecta 

La televisión ya puso un presidente... ¿Lo volverá hacer? #ColombiaDecide https://t.co/jrnNjKSeJR";positive;joy;;
@eduardoespinal2 @AnibalGarzon Son tan confiables las elecciones en Colombia que hasta pueden votar con fotocopias, no jorobe el enfermo;negative;anger;;
"Una vida digna y sin violencia, esa definición utópica del buen vivir no se ha visto JAMÁS en colombia;  ahora a días de las elecciones que podrían generar un verdadero CAMBIO aparece el malafortunado paro armado. Nos quedamos sin VERDAD y ahora con MIEDO. #ParoArmado #Otoniel";negative;anger;;
Se quitó la careta. .......Petro promete reanudar relaciones diplomáticas con Maduro si gana elecciones en Colombia https://t.co/68tVxXzgeM;neutral;joy;;
"@smilelalis Y entonces @FiscaliaCol @PGN_COL @CNE_COLOMBIA 

En que clase de miserable y peligroso show se convirtieron nuestras elecciones?";negative;anger;;
@InvisiblesMuros @YitaLaVey Y suele e incrementarse justo antyde las elecciones democráticas en #Colombia crean un populismo punitivo;negative;anger;;
"Tres semanas para unas elecciones claves en Colombia: @petrogustavo encabeza las encuestas, el lunes denunció un plan para asesinarlo. En segundo lugar está Gutiérrez, aliado al uribismo, que busca llegar al balotaje. El análisis para @CarasyCaretasuy. 

https://t.co/HDd8ACTHI6";negative;anger;;
@petrogustavo Pobre Colombia como gane usted las elecciones. Miseria trae siempre sus políticas, sin excepción.;negative;sadness;;
¿Por qué cree usted que debe ser suspendido Alexander Vega, Registrador Nacional del Estado Civil a 23 días de las elecciones presidenciales en Colombia? Responde el abogado constitucionalista ?? @Germancalderon1 en diálogo con @JeffersonNTN24 Directora @CGurisattiNTN24 ?? https://t.co/HpbMJ16s1T;neutral;fear;;
@CNSCColombia @DAFP_COLOMBIA @CRCCol @sgcol @MinTIC_responde @MincienciasCo @INMdeColombia @MinEnergiaCo @ANMColombia @IDEAMColombia @ICACOLOMBIA Estos q controlan procesos de la #CNSC programan pruebas cuando un país está dividido por líderes políticos extremistas en elecciones presidenciales, dónde la fuerzas militares y de  policía no son capaces de mantener el orden público, estas pruebas deben ser después del mierdero;negative;fear;;
"#Video | Solo un candidato lo ha logrado en la historia reciente de Colombia: Álvaro Uribe Vélez en las elecciones del 2002. 
https://t.co/3nemYfAN3A";neutral;joy;;
Tengo una relation de amor-odio con colombia. Me quiero mourir de tristeza cuando la dejo, pero a veces la détesto en elecciones, o cuando me cobran 4 veces mas cualquier guevonada.;negative;sadness;;
Álvaro Uribe publica video de bus quemado y afirma que esas son las “enseñanzas de Petro y Santos” https://t.co/elo1Lwwcgo;neutral;joy;;
"ULTIMA HORA:

Con la extradición de alias Otoniel, se acaba el narcotráfico en Colombia.

Nadie más enviaba coca a EEUU, no tenía aliados políticos, no tenía impacto en las elecciones actuales. Gracias diosito. https://t.co/TIREQ7moYf";neutral;joy;;
"#6May | El candidato presidencial de Colombia, Gustavo Petro aseguró que apoyará a Nicolás Maduro de ganar las elecciones.

Video cortesía. https://t.co/eKXTmCYGbT";neutral;joy;;
@CNE_COLOMBIA para risas: el CNE investiga al centro democrático x decirle la verdad a FEJODE  pero no ha tomado ninguna decisión con el fraude de las pasadas elecciones a pesar de q el registrador compró con nuestro dinero un software de INDRA de 27 mil millones, q no sirve.;negative;anger;;
@CARLOSFMEJIA @infopresidencia @PGN_COL @FiscaliaCol @CNE_COLOMBIA Cuanto les pagaron por el favor?  Lastima la platica, siga llorando cafre hpta, el 29 nos vemos en las urnas, no más narco uribismo, sigan robando a ver si les alcanza, solo comprando votos ganan elecciones, malnacido.;negative;anger;;
"AGUSTÍN LAJE HABLA SOBRE LAS ELECCIONES EN COLOMBIA.
""En primera vuelta voten por el mejor""
https://t.co/POHxAx6nVv";neutral;joy;;
"¿Enserio?, Es que en Colombia no hay democracia ahora no puede un conservador apoyar a @petrogustavo ¿o que pasa?
https://t.co/ZCVgxM4Kti";negative;anger;;
@EpicuroDeSamos_ @ElQueLosDELATA Eso lo mandó el asesino de @AlvaroUribeVel ,ojo que el hijueputa va ser capaz de bombardear los centros de votación, con el fin que la @Registraduria y el @CNE_COLOMBIA suspendan las elecciones. Ajua @COMANDANTE_EJC vaya dele bala a los paracos, así como hace con el campesino.;negative;anger;;
"A menos de un mes de las elecciones el país está paralizado y una vez más, la Colombia rural es la más impactada. 

Hasta cuándo seguiremos viviendo bajo el relato de violencia, hasta cuántas generaciones más tendrá que llegar el miedo de vivir en el país.";negative;anger;;
"El izquierdista Gustavo Petro, uno de los favoritos para las elecciones presidenciales de Colombia que se celebrarán a #Petro #reanudará #relacion #Venezuela finales de mes, dijo que de resultar ganador, reanudará las relaciones con Venezuela,

https://t.co/mai23eROOt https://t.co/bdtOmt3EfO";negative;anger;;
"El candidato presidencial @ingrodolfohdez dice que buscará llegar al poder “sin comprar votos con plata robada del pueblo colombiano”. ¿#ASonDeQué quiere ser presidente? 

https://t.co/9kDluOHG00

#Elecciones2022 #ColombiaDecide https://t.co/HembUIeVXb";negative;anger;;
Exigir elecciones limpias. No más fraude comunista y globalista. Yo denuncio el fraude que ya pasó y el que viene. Salvemos a Colombia. #GomezPresidente22-26 @MovSalvacionNal @jflafaurie @Enrique_GomezM @CarlosACuartasQ @MariaHerreraMe @isabelcuervo @valenciajorgea @LChileuitt https://t.co/1vslgRr5PC;negative;anger;;
"@MargaritaRepo NO IMPORTA que salgamos a votar 20 millones por @FicoGutierrez ,El registrador ""Tibisay VEGA"" y el @CNE_COLOMBIA al servicio de las 2 Prostitutas de la Justicia,""La suprema y La constitucional,se van a robar las elecciones a favor de ""PETRO"" ya se robaron las parlamentarias OJO!!";negative;anger;;
"@NilsonJavierB @CNE_COLOMBIA @moecolombia @DELAESPRIELLAE @AndresPastrana_ @PalomaValenciaL @RevistaSemana @CConstitucional @CorteSupremaJ @DefensoriaCol @USEmbassyBogota @felipesancheztv @consejodeestado NO IMPORTA que salgamos a votar 20 millones por @FicoGutierrez ,El registrador ""Tibisay VEGA"" y el @CNE_COLOMBIA al servicio de las 2 Prostitutas de la Justicia,""La suprema y La constitucional,se van a robar las elecciones a favor de ""PETRO"" ya se robaron las parlamentarias OJO!!";negative;anger;;
En Colombia hace falta un presidente como @nayibbukele que no le teme a nada y va de frente contra las fuerzas oscuras aliadas con políticos que lo único que buscas es inestabilidad en el país previo a elecciones.;positive;joy;;
@SdrodriguezT PetroFarc está asustado porque sabe que el uribismo es una fuerza poderosa y ganaremos las elecciones, los bandidos mafiosos del Pacto de la Picota , jamás tendrán el poder, acabarían con Colombia .;negative;anger;;
"LAS FARC se van de frente con #GustavoPetro. 
Y decían que Juan Manuel Santos no había negociado el país con las FARC. Ahí están, a punto de quedarse con él. Tan linda que es Colombia pero si no la defendemos en estas elecciones la perderemos para siempre. https://t.co/ijkgDmdxiD";negative;anger;;
@G_ANDRES_CORZO @Roberto_Trobajo @FicoGutierrez @CNE_COLOMBIA Esas elecciones parlamentarias deben ser anuladas.;negative;anger;;
"La minería es uno de los temas en la agenda de los candidatos a la Presidencia de la República de Colombia
https://t.co/S6fD8ufutt";neutral;joy;;
.@odonnellmaria y @ertenembaum entrevistan a Francia Márquez, candidata a vicepresidenta en la fórmula de Gustavo Petro para las elecciones presidenciales de Colombia. La cita, este sábado a las 9 P.M. (Miami), 10 P.M. (Buenos Aires) en #Conecta2 https://t.co/nGPrGh6HUb;neutral;joy;;
Colombia | Petro anuncia que si gana restablecerá las relaciones diplomáticas y consulares con Venezuela @InfoNodal https://t.co/X5FawyQTTi;neutral;joy;;
"#Recomendado ¿Qué es la #LeyDeGarantias? 
...Con esto se les impedía a gobernadores, alcaldes y otros funcionarios retomar obras de infraestructura que quedaron detenidas o que ni siquiera se alcanzaron a poner en marcha... 

Leer más aquí: https://t.co/kZU2UYoPaF";negative;sadness;;
"@Rettador @petrogustavo @Registraduria @PactoHistorico NO IMPORTA que salgamos a votar 20 millones por @FicoGutierrez ,El registrador ""Tibisay VEGA"" y el @CNE_COLOMBIA al servicio de las 2 Prostitutas de la Justicia,""La suprema y La constitucional,se van a robar las elecciones a favor de ""PETRO"" ya se robaron las parlamentarias OJO!!";negative;anger;;
"Colombia tiene hoy 2 amenazas públicas q @IvanDuque @Diego_Molano y @FuerzasMilCol NO PUEDEN IGNORAR.
1)El Clan del Golfo y sus testaferros políticos y mediáticos incendiando el país en las carreteras y en las redes
2)PETRO anunciando el ISIS COLOMBIANO si pierde las elecciones";negative;fear;;
"@Pontifex_es Oro por su salud,  muy pronto va a estar bien Papa Francisco.
Desde Colombia ..sin elecciones libres.
.Estan coaccionadas por gobierno con ilegales.";negative;anger;;
@IvanDuque @mincultura Un hito historico,mejor que violar la Constitución para hacer inversión en la Colombia profunda en elecciones.. https://t.co/D0u5CybOHZ;negative;anger;;
#ColombiaDecide Candidatos presidenciales explican cómo combatirían la alta inflación en Colombia https://t.co/ah4JhNjfpf;neutral;joy;;
@WRadioColombia @ernestomaciast Este burro hablando de orejas, si el pacto histórico no actúa a tiempo se roban las elecciones, usted pertenece a la organización más criminal y corrupta que tiene Colombia.;negative;anger;;
@ernestomaciast @FicoGutierrez @Rodrigo_LaraS Mi querido senador bachiller, recuérdele a Colombia como votó el Meta en las pasadas elecciones legislativas, ¿cuál fue el desempeño del @UCDemocratico?;negative;anger;;
Sí en Colombia no van a existir garantías para unas elecciones transparentes y democráticas pues general Zapateiro...salve usted la patria. ?????? https://t.co/3ssAR28dUj;negative;anger;;
"Lo que dicen los candidatos presidenciales sobre el paro armado del Clan del Golfo.

https://t.co/uodCqXLivs https://t.co/ke7y5x6KYY";negative;anger;;
@valticam Blodel, no se que esta pasando por allá, pero si se nota que están en elecciones porque todo el que sigo de Colombia solo tira hate de un lado pa otro. Estando acá viendolo todo descontextualizado pero en conjunto , se siente muy caótico .;negative;anger;;
"@Salu_Macallan8 @FuerzasMilCol @PoliciaColombia NO IMPORTA que salgamos a votar 20 millones por @FicoGutierrez ,El registrador ""Tibisay VEGA"" y el @CNE_COLOMBIA al servicio de las 2 Prostitutas de la Justicia,""La suprema y La constitucional,se van a robar las elecciones a favor de ""PETRO"" ya se robaron las parlamentarias OJO!!";negative;anger;;
"@Zuletalleras @Judarr2 NO IMPORTA que salgamos a votar 20 millones por @FicoGutierrez ,El registrador ""Tibisay VEGA"" y el @CNE_COLOMBIA al servicio de las 2 Prostitutas de la Justicia,""La suprema y La constitucional,se van a robar las elecciones a favor de ""PETRO"" ya se robaron las parlamentarias OJO!!";negative;anger;;
"@ingrodolfohdez NO IMPORTA que salgamos a votar 20 millones por @FicoGutierrez ,El registrador ""Tibisay VEGA"" y el @CNE_COLOMBIA al servicio de las 2 Prostitutas de la Justicia,""La suprema y La constitucional,se van a robar las elecciones a favor de ""PETRO"" ya se robaron las parlamentarias OJO!!";negative;anger;;
Me late que en estas elecciones las mujeres de Colombia somos las que vamos a poner Presidente ?????? #FicoPresidenteEnPrimeraVuelta https://t.co/Kb5EIULNlJ;positive;joy;;
"@millersoto @petrogustavo NO IMPORTA que salgamos a votar 20 millones por @FicoGutierrez ,El registrador ""Tibisay VEGA"" y el @CNE_COLOMBIA al servicio de las 2 Prostitutas de la Justicia,""La suprema y La constitucional,se van a robar las elecciones a favor de ""PETRO"" ya se robaron las parlamentarias OJO!!";negative;anger;;
@eduardomackenz1 @omarvmurcia El si sabe que hacer, se robara las elecciones en Colombia con el apoyo del narco comunismo internacional y todo el apoyo de la Registraduria, CNE, Las Cortés, las ias gubernamentales, prensa Prepago, no terminaría.;negative;anger;;
que MIEDO de verdad todo lo que esta pasando en Colombia y lo que va a pasar durante y después de elecciones;negative;fear;;
"@Alfarero3O @PGN_COL NO IMPORTA que salgamos a votar 20 millones por @FicoGutierrez ,El registrador ""Tibisay VEGA"" y el @CNE_COLOMBIA al servicio de las 2 Prostitutas de la Justicia,""La suprema y La constitucional,se van a robar las elecciones a favor de ""PETRO"" ya se robaron las parlamentarias OJO!!";negative;anger;;
"#Video ¿Cuántos votos necesitaron Duque y Petro para ir a segunda vuelta en 2018?

https://t.co/aS2FPlEMss https://t.co/QeJ0A1fnBe";neutral;joy;;
"El Colombiano: Elecciones al mando de Vega tuvieron deficiencias que requieren correctivos: Tribunal tras negar su suspensión.
https://t.co/EBwpUU4GkD

a través de @GoogleNews";neutral;joy;;
"Estos días y hasta el 29 de mayo día de las elecciones presidenciales en Colombia se prevé tensiones, incremento de actos criminales y delincuenciales, asonadas, pescas milagrosas, y guerra ideológica en todo el territorio nacional.
¡Fácil no será, estamos regresando al pasado!";negative;fear;;
"@jarizabaletaf NO IMPORTA que salgamos a votar 20 millones por @FicoGutierrez ,El registrador ""Tibisay VEGA"" y el @CNE_COLOMBIA al servicio de las 2 Prostitutas de la Justicia,""La suprema y La constitucional,se van a robar las elecciones a favor de ""PETRO"" ya se robaron las parlamentarias OJO!!";negative;anger;;
@AlvaroUribeVel Ud y el gobierno son los dueños del paro armado! Colombia ya no les cree esas mañas que se inventan faltando medio mes para las elecciones para vender al Uribismo como los bienaventurados dadores de seguridad democratica! #OjoConEl2022 #OjoConElVoto;negative;anger;;
"Petro promete reanudar relaciones diplomáticas con Maduro si gana elecciones en Colombia
#TalCual #ClaroyRaspao #AmigosDeNuevo 
https://t.co/Kpm7VZydwZ https://t.co/FiJfeEuXCa";neutral;fear;;
Se nos robaran las elecciones en Colombia.;negative;anger;;
1) COLOMBIA ELECCIONES 2022 ¿PUEDE HABER FRAUDE? 2) LA EXTRADICIÓN A NYC... https://t.co/FITOBhoZ2z via @YouTube;neutral;anger;;
"???? El próximo domingo 29 de mayo, #Colombia tendrá su jornada de elecciones presidenciales. Aquí te contamos cuáles son las propuestas de tecnología y transformación digital de los 8 candidatos. ????
https://t.co/ddIaxzHUtS";neutral;joy;;
@G_ANDRES_CORZO @jarizabaletaf @FicoGutierrez @CNE_COLOMBIA POR ESO VAMOS A PERDER LAS ELECCIONES MIENTRAS ESTE ESA ?? @Registraduria;negative;anger;;
Además, los gráficos y mapas electorales demuestran la importancia electoral que tiene el centro del país, ante la densidad poblacional y la tradición de salir a votar. https://t.co/tVxPTMLkC2;neutral;joy;;
Los mapas de cada una de las elecciones desde 1994 hasta 2018 también son una muestra del debilitamiento del sistema partidista y el paso a un caudillismo que hasta los pasados comicios fue dominado por la figura de @AlvaroUribeVel. Puede verlos aquí. https://t.co/tVxPTMLkC2;negative;fear;;
¿Cómo lucían los demás tarjetones? ??¿Cree usted que se evidencia el cambio de un bipartidismo a un sistema de caudillos? https://t.co/7jcyCwQuni;neutral;joy;;
Las reglas del juego político que estableció la Constitución de 1991 debilitaron el sistema bipartidista y trajo un revolcón que favoreció a un sistema caudillista que hasta hoy se siente. https://t.co/tVxPTMLSrA;neutral;sadness;;
@lcvelez #ElRiesgoEs sin lugar a ninguna duda @Registraduria y el @CNE_COLOMBIA se van a robar las elecciones;negative;anger;;
"¿Cómo ha votado el país en los últimos 28 años? ¿Podemos hablar de un sistema político caudillista? A menos de 30 días de las #Elecciones2022 hicimos un análisis del comportamiento electoral de los colombianos. Esto encontramos??https://t.co/tVxPTMLkC2
#ContenidoPremiumEE";neutral;sadness;;
El bachiller Ernesto Macías, alertando sobre el robo de las elecciones, como no pudo esquilar más, acostumbrado a  comprar votos y conciencia, como todo Uberrimominista rastreros son los costreñidores, atemorizar es constancia, Colombia desperto por la Vida;negative;anger;;
@Diego_Molano @COL_EJERCITO @mindefensa @ArmadaColombia @FuerzaAereaCol @DirectorPolicia @FuerzasMilCol @IvanDuque @infopresidencia NARCOPARAURIBISMO GENOCIDA OPERANDO SINIESTRAMENTE EN LLAVE CON EL CLAN DEL GOLFO PARA METER MIEDO A COLOMBIA Y ROBARSE LAS ELECCIONES DEL 29 DE MAYO.;negative;anger;;
"Se acerca el día de las elecciones en #Colombia y como @petrogustavo ""El cacas"" sabe que no va pa'l baile entonces comienza a incendiar el país...";negative;joy;;
NARCOPARAURIBISMO GENOCIDA Y CLAN DEL GOLFO TRABAJAN EN LLAVE PARA METER MIEDO A COLOMBIA Y ROBARSE LAS ELECCIONES DEL 29 DE MAYO. https://t.co/RBbK9B1dKP;negative;anger;;
#6May | El izquierdista Gustavo Petro, uno de los favoritos para las elecciones presidenciales de Colombia que se celebrarán a finales de mes, dijo que de resultar ganador, reanudará las relaciones con Venezuela, rotas desde el 23 de febrero de 2019. https://t.co/kwuU5ZjHa2;negative;anger;;
"Una de las cosas más me impactó de realizar este especial fue descubrir que a menos de un mes de las elecciones aún hay candidatos que no han presentado un plan de gobierno ??

Averigua quiénes en @dpl_news ??
 
https://t.co/dm0lm5YnlH";neutral;sadness;;
@CARLOSFMEJIA @infopresidencia @PGN_COL @FiscaliaCol @CNE_COLOMBIA Porque tienen las elecciones cuadradas para que gane el hampón de @petrogustavo como sea. Yo no creo en la @Registraduria ni en @IndraenColombia que tiene cuestionamientos de su software en otros países @lafm @lcvelez @rcnradio;negative;anger;;
Petro promete reanudar relaciones diplomáticas con Maduro si gana elecciones en Colombia https://t.co/ma0ObakLMG;neutral;fear;;
"De Manera Contundente, Exigimos la #Renuncia del Registrador ALEXANDER VEGA por los graves delitos en Elecciones del pasado 13 Marzo 22.

El @CNE_COLOMBIA, @moecolombia y las Cortes deben actuar ya mismo para generar confianza y brindar Garantías, de lo Contrario serán COMPLICES https://t.co/dsjs8ijwYA";negative;anger;;
"Si el Colombiano, no cambia su vision politica y gana Petro en las proximas elecciones, se jodio colombia.

Fin del comunicado";negative;fear;;
??ALERTA COLOMBIA??Si de verdad quieres hacer parte de la historia y participar activamente en estas elecciones. VINCÚLATE Como TESTIGO ELECTORAL Contribuye a que los COMUNISTAS En Colombia y el mundo nos no vuelvan a cometer fraude electoral.Inscríbete vigílalos y no nos dejemos;negative;anger;;
O sea que el  miserable de Macías reconoce que en Colombia es Fácil robar elecciones. Bellaco.;negative;anger;;
"Les comparto publicación de mi artículo ""Elecciones Colombia 2022""en la Revista Argentina de Derecho Electoral. 
https://t.co/Ntm0DuF9Pc https://t.co/6sB6OXjzaA";neutral;joy;;
@NTN24ve pobre colombia, tan ignorante como lo fue venezuela en diversas elecciones..;negative;sadness;;
@alfonsoeljach @alcaldiabarranc @EnLineaBarranca @vanguardiacom @Enlace_TV @Telepetroleo @Yariguies1027 @CanalTRO @CaracolBga @BLUSantanderes @RCNBga Populismo punitivo y preciso antes de las de las elecciones, siempre la misma película en #Colombia;negative;anger;;
Alertan que miles de jurados de votación están inhabilitados para estar en las elecciones a Presidente. La idoneidad de esos delincuentes no existe, toca inhabilitarlos y anular las mesas donde estuvieron y que se evidenció el fraude. ?@PGN_COL?  https://t.co/UcAISdFd05;negative;anger;;
#DiloConIndignación: ¿Para qué sirve el control previo y concomitante de la @CGR_Colombia? Estamos a 20 días de las elecciones y ya todos los contratos y dinero fueron entregados. ¿Qué va a pasar con esos recursos? Como ciudadanos tenemos que despertar, se ríen en nuestra cara. https://t.co/p2CP7sI0Sj;negative;fear;;
Si las Autoridades NO se pronuncian sobre las Millones de quejas que hay en Colombia, por el Presunto Fraude Electoral en las Elecciones a Congreso, entonces, NO existe ninguna Garantía sobre que las elecciones del 29 de Mayo sean en Derecho, controladas por el mismo Registrador.;negative;anger;;
"""Lo que está viviendo Latinoamérica, cortesías de los procesos del Foro de Sao Paulo, se va poniendo realmente delicado. Hay que estar pendiente de lo que sucede en Chile y Perú, previo a las elecciones de Colombia."" @Noelleal";negative;fear;;
"Esta es la recopilación de los tarjetones de los últimos 28 años en el país. ¿Cuáles recuerda? 

#Elecciones2022 #ColombiaDecide 
https://t.co/7jcyCwQuni";neutral;joy;;
“La Procuraduría General de Colombia descubrió que 2925 aspirantes a jurados de votación para las presidenciales del próximo 29 de mayo están inhabilitados para ejercer funciones públicas” https://t.co/2MCo0SBpog #Elecciones ???? por @gabrielamor;neutral;fear;;
"#NODALTemas ?? #Colombia ????: camino a unas elecciones claves para la región

La primera vuelta de las elecciones presidenciales en #Colombia se realizará el 29 de mayo, en medio de una crisis económica, financiera, sanitaria y un alto descontento social ?? https://t.co/bKuutASnwF";neutral;joy;;
"Se sabía. No van a dejar ganar legalmente al próximo presidente @FicoGutierrez , le van a robar las elecciones. Ya perdimos, se tomaron el poder definitivamente. 

#ElRiesgoEs #QuienRespondePor #Colombia #ColombiaDecide #RCN #PetroCorrupto @Salu_Macallan8 @ArgiroCasta888 https://t.co/T9obCGmyk9";negative;anger;;
Vengaaaan, yo quiero saber el match presidencial de algunos de ustedes, pues pa’ saber si sigo tragada o le echo tierra al asunto. Por ejemplo, ¿qué le habrá salido a…? Uy no, mejor no los tageo porque algunos son guilty pleasure. Pero muestreeeen https://t.co/0tyZdtw5pz;neutral;joy;;
"@AlvaroUribeVel Terrorismo es lo que ud @AlvaroUribeVel ha sembrado en Colombia.
Desde su ascenso como mafioso hasta comprar dos elecciones como presidente.
Eso sí es verdadero terror
6402 recuerdelo esas veces hasta que le llegue la hora de la justicia.";negative;anger;;
"El candidato presidencial @ingrodolfohdez dice que buscará llegar al poder “sin comprar votos con plata robada del pueblo colombiano”. ¿#ASonDeQué quiere ser presidente? 

https://t.co/9kDluOH8as

#Elecciones2022 #ColombiaDecide https://t.co/Pi84NmmC5X";negative;anger;;
No hay nada escrito hasta que esté mísero no salga de ahí, se sepa que títere van a poner y quién controlará elecciones y a los comunistas @CNE_COLOMBIA @fecode jurados y @moecolombia que no sirve para..........garante pero de los comunistas apátridas. https://t.co/BKqSY6slHN;negative;anger;;
@_CamilaTorres__ No queremos más violencia, las elecciones al congreso sumado con los votos de Francia demuestra que Colombia apoya a Petro y al Pacto ¿que esperamos?¿que sigan matando más líderes, campesinos, indígenas?. Más empatía por favor.;positive;sadness;;
@GralJuvenalDiaz NARCOPARAURIBISMO GENOCIDA Y CLAN DEL GOLFO TRABAJAN EN LLAVE PARA METER MIEDO A COLOMBIA Y ROBARSE LAS ELECCIONES EL 29 MAYO.;negative;anger;;
"¿No sabe por quién votar en las elecciones presidenciales?  En el #MatchPresidencial descubrirá su candidato ideal. Es fácil y divertido. La novedosa herramienta digital fue creada por @elespectador @fundacionFESCOL y @cifrasyconcepto  Pruébela aquí: 
https://t.co/HuTnXqvL5Q https://t.co/DYo7xuBM9v";neutral;joy;;
Colombia | Petro anuncia que si gana restablecerá las relaciones diplomáticas y consulares con Venezuela @InfoNodal https://t.co/voHsTypdi3;neutral;joy;;
@CARLOSFMEJIA @infopresidencia @PGN_COL @FiscaliaCol @CNE_COLOMBIA Si la Dra Cabello no se pronuncia y no aparta al Registrador y se roban las elecciones como las del congreso,, va tener culpabilidad porque hay pruebas suficientes,, y la corte que lo eligió también es cómplice si no se pronuncian y lo apartan del cargo, eviten algo peor,????????????;negative;anger;;
EN 'GESTOSO GLOBAL' LAS AMENAZAS DE MUERTE A GUSTAVO PETRO en la recta final rumbo a las Elecciones Presidenciales de Colombia con Angel Becassino Asesor de Campañas Políticas domingo desde Bogota 20:30hs por #AbyaYalaTelevision Los espero! https://t.co/YJp1qhZ2aY;neutral;fear;;
La derecha Colombiana + época de elecciones = a terrorismo desatado, el país está hundido en un hoyo tan profundo que no se ve solución a nada. #colombia;negative;fear;;
"@MariaFdaCabal Lo extraditaron rápido por dor razones señora Acabal.

La primera y para mí la más importante es porque Otoniel en Colombia dando sus testimonios respresenta un verdadero riesgo para las elecciones pues ya estaba diciendo muchos nombres de políticos.";negative;anger;;
Qué tal el robo de elecciones parlamentarias,gobierno y entes del estado callan,Con complicidad,??@infopresidencia? ?@FiscaliaCol? ?@PGN_COL? ?@CGR_Colombia? ?@DEAHQ? ?@USEmbassyBogota? ???@CDemocraticoCo? https://t.co/temZuQMkkd;negative;anger;;
NARCOPARAURIBISMO GENOCIDA, GARRAPATEIRO (ZAPATEIRO),CANTINFLAS MOLANO Y CLAN DEL GOLFO, ESTÁN TRABAJANDO EN LLAVE ?? PARA METER MIEDO A COLOMBIA Y ROBARSE LAS ELECCIONES DEL 29 DE MAYO. https://t.co/SDbke4RmTk;negative;anger;;
"Con esta ley, que se intentó modificar varias veces en anteriores contiendas, la intención principal era asegurar que las campañas electorales se llevaran a cabo en condiciones igualitarias y transparentes.

#Elecciones2022 #ColombiaDecide 
https://t.co/qRNy77hLm6";positive;joy;;
@jarizabaletaf QUE NOS DIGA DE UNA VEZ QUIEN ES EL PRESIDENTE,,,Y ACABAMOS CON ESTA MAMERA DE ELECCIONES..! Y EMPEZAMOS A CAMINAR POR TODA COLOMBIA ENMOCHILADOS…..CON LOS VENEZOLANOS….!;negative;anger;;
"@CeDemocratico NO IMPORTA que salgamos a votar 20 millones por @FicoGutierrez ,El registrador ""Tibisay VEGA"" y el @CNE_COLOMBIA al servicio de las 2 Prostitutas de la Justicia,""La suprema y La constitucional,se van a robar las elecciones a favor de ""PETRO"" ya se robaron las parlamentarias OJO!!";negative;anger;;
"@lafm NO IMPORTA que salgamos a votar 20 millones por @FicoGutierrez ,El registrador ""Tibisay VEGA"" y el @CNE_COLOMBIA al servicio de las 2 Prostitutas de la Justicia,""La suprema y La constitucional,se van a robar las elecciones a favor de ""PETRO"" ya se robaron las parlamentarias OJO!!";negative;anger;;
@lcvelez @lafm @NoticiasRCN @rcnradio @NTN24 si todos  en colombia estamos viendo el peligro para elecciones que representa la registraduria , por que los entes de control no lo ven ?;negative;fear;;
"@SofyCasas_ @ghitis NO IMPORTA que salgamos a votar 20 millones por @FicoGutierrez ,El registrador ""Tibisay VEGA"" y el @CNE_COLOMBIA al servicio de las 2 Prostitutas de la Justicia,""La suprema y La constitucional,se van a robar las elecciones a favor de ""PETRO"" ya se robaron las parlamentarias OJO!!";negative;anger;;
"Duque resultó el personaje mas inútil y desvergonzado de la Historia de Colombia, y está tan caído que en estos 20 días que faltan pa elecciones, lo mas seguro es que el CD pase a la ""oposición"" y Uribe diga que no lo conoce ni ha tenido tratos con el ni por interpuesta persona.";negative;anger;;
"Como hace un estado @IvanDuque para permitir que todo un  pais este secuestrado por el paramilitarismo  y no hace nada
Contra los pobres, los estudiantes,  los campesinos y los líderes sociales pone toda la fueza @COMANDANTE_EJC 
Este próximo elecciones colombia dira no masURIBE https://t.co/aqwKO4LxuH";negative;fear;;
"@LucasArnau @lcvelez NO IMPORTA que salgamos a votar 20 millones por @FicoGutierrez ,El registrador ""Tibisay VEGA"" y el @CNE_COLOMBIA al servicio de las 2 Prostitutas de la Justicia,""La suprema y La constitucional,se van a robar las elecciones a favor de ""PETRO"" ya se robaron las parlamentarias OJO!!";negative;anger;;
"@Roberto_Trobajo NO IMPORTA que salgamos a votar 20 millones por @FicoGutierrez ,El registrador ""Tibisay VEGA"" y el @CNE_COLOMBIA al servicio de las 2 Prostitutas de la Justicia,""La suprema y La constitucional,se van a robar las elecciones a favor de ""PETRO"" ya se robaron las parlamentarias OJO!!";negative;anger;;
"El comunista @petrogustavo se quitó la careta este viernes y dijo que si gana las elecciones del #29Mayo en #Colombia reconocerá y trabajará diplomáticamente con el dictador @NicolasMaduro

#Colombianos, no permitan que llegue el #Comunismo en su país.

Voten por @FicoGutierrez https://t.co/IDWS9UoyaG";negative;fear;;
"@petrogustavo Gustavo usted no será presidente .
Tenés la maldición de ser otro líder político que pierde las elecciones y de tanto insistir nunca ganará.

La presidencia de Colombia se gana con la decisión de un pueblo ungido por el sagrado corazón , libres de convicción y trabajo constante.";negative;anger;;
Amor por Colombia ni que nada, sólo por la familia acá porque del resto este país no se saca con amor ni patriotismo. Toca es irse para no ser un muerto más, empezó la época de elecciones y en la Costa ya iniciaron, me duele ??;negative;anger;;
Es una ventaja que las elecciones del congreso en Colombia fueran primero que las presidenciales porque hoy si estariamos sin opciones de denunciar el fraude tan descarado que se presentó. Fuera el registrador o nos vamos a la M...;negative;anger;;
Como ustedes construyen escenarios y en dicen que en bolsa no se compra el pasado sino las expectativas futuras, me imagino que tenían en la baraja a USA titubeando 20 días antes de elecciones en Colombia.;negative;anger;;
La izquierda se dedicó A proteger cuanto criminal aparezca. Sí la izquierda extrema como la de Petro Gana Las elecciones será la criminalidad la que gobierne A colombia desde ése momento.;negative;anger;;
A 23 días de elecciones el Registrador Nacional un corrupto pegado y atornillado al poder, con este tipo que Colombia desconfía es seguro que nos van a robar las elecciones @Registraduria @CNE_COLOMBIA @moecolombia @IvanDuque presidente líbrenos de esta plaga la @PGN_COL no pudo;negative;anger;;
"@LucasArnau @angelito0714 @jarizabaletaf NO IMPORTA que salgamos a votar 20 millones por @FicoGutierrez ,El registrador ""Tibisay VEGA"" y el @CNE_COLOMBIA al servicio de las 2 Prostitutas de la Justicia,""La suprema y La constitucional,se van a robar las elecciones a favor de ""PETRO"" ya se robaron las parlamentarias OJO!!";negative;anger;;
"@NadiFadia @Germancalderon1 NO IMPORTA que salgamos a votar 20 millones por @FicoGutierrez ,El registrador ""Tibisay VEGA"" y el @CNE_COLOMBIA al servicio de las 2 Prostitutas de la Justicia,""La suprema y La constitucional,se van a robar las elecciones a favor de ""PETRO"" ya se robaron las parlamentarias OJO!!";negative;anger;;
"@CARLOSFMEJIA @infopresidencia @PGN_COL @FiscaliaCol @CNE_COLOMBIA Listo el ""Auto"" que ordena destituir a @alexandervega registrador criminal que vendió las elecciones y se vendió al socialismo al #castrochavismo listo el Auto #UltimaHora https://t.co/qr4zXgZCNM";negative;anger;;
"@NadiFadia NO IMPORTA que salgamos a votar 20 millones por @FicoGutierrez ,El registrador ""Tibisay VEGA"" y el @CNE_COLOMBIA al servicio de las 2 Prostitutas de la Justicia,""La suprema y La constitucional,se van a robar las elecciones a favor de ""PETRO"" ya se robaron las parlamentarias OJO!!";negative;anger;;
"@Fennix73 NO IMPORTA que salgamos a votar 20 millones por @FicoGutierrez ,El registrador ""Tibisay VEGA"" y el @CNE_COLOMBIA al servicio de las 2 Prostitutas de la Justicia,""La suprema y La constitucional,se van a robar las elecciones a favor de ""PETRO"" ya se robaron las parlamentarias OJO!!";negative;anger;;
"@Diego_Molano @AntonioNey01 @COL_EJERCITO @mindefensa @ArmadaColombia @FuerzaAereaCol @DirectorPolicia @FuerzasMilCol @IvanDuque @infopresidencia NO IMPORTA que salgamos a votar 20 millones por @FicoGutierrez ,El registrador ""Tibisay VEGA"" y el @CNE_COLOMBIA al servicio de las 2 Prostitutas de la Justicia,""La suprema y La constitucional,se van a robar las elecciones a favor de ""PETRO"" ya se robaron las parlamentarias OJO!!";negative;anger;;
@AlvaroUribeVel Usted envío a sus asesinos para amenazar la población, Ustedes quieren sembrar terror para militarizar Colombia y boicotear las elecciones, @ONU_es necesitamos intervención internacional urgente.;negative;anger;;
"@marnetrubio NO IMPORTA que salgamos a votar 20 millones por @FicoGutierrez ,El registrador ""Tibisay VEGA"" y el @CNE_COLOMBIA al servicio de las 2 Prostitutas de la Justicia,""La suprema y La constitucional,se van a robar las elecciones a favor de ""PETRO"" ya se robaron las parlamentarias OJO!!";negative;anger;;
El Uribismo es el patrón del clan del golfo, un grupo paramilitar creado por estos delincuentes, el paro armado y la extradición de Otoniel es una estrategia para militarizar colombia y boicotear las elecciones.Piensan que es la única opción que tienen para no perder. @ONU_es https://t.co/vU7BSM2vgg;negative;anger;;
"@RevistaSemana NO IMPORTA que salgamos a votar 20 millones por @FicoGutierrez ,El registrador ""Tibisay VEGA"" y el @CNE_COLOMBIA al servicio de las 2 Prostitutas de la Justicia,""La suprema y La constitucional,se van a robar las elecciones a favor de ""PETRO"" ya se robaron las parlamentarias OJO!!";negative;anger;;
"@ELTIEMPO NO IMPORTA que salgamos a votar 20 millones por @FicoGutierrez ,El registrador ""Tibisay VEGA"" y el @CNE_COLOMBIA al servicio de las 2 Prostitutas de la Justicia,""La suprema y La constitucional,se van a robar las elecciones a favor de ""PETRO"" ya se robaron las parlamentarias OJO!!";negative;anger;;
"@ArgiroCasta888 NO IMPORTA que salgamos a votar 20 millones por @FicoGutierrez ,El registrador ""Tibisay VEGA"" y el @CNE_COLOMBIA al servicio de las 2 Prostitutas de la Justicia,""La suprema y La constitucional,se van a robar las elecciones a favor de ""PETRO"" ya se robaron las parlamentarias OJO!!";negative;anger;;
"Marbelle amenaza con irse de Colombia si Petro gana las elecciones ??????

La caleña tiene decidido abandonar el país si el candidato del Pacto Histórico gana su lugar en la Casa de Nariño por los próximos cuatro años. #tuvozpereira https://t.co/GHdCZ9AJZA";positive;joy;;
"@Tipcol10 @ledamejia21 NO IMPORTA que salgamos a votar 20 millones por @FicoGutierrez ,El registrador ""Tibisay VEGA"" y el @CNE_COLOMBIA al servicio de las 2 Prostitutas de la Justicia,""La suprema y La constitucional,se van a robar las elecciones a favor de ""PETRO"" ya se robaron las parlamentarias OJO!!";negative;anger;;
"@claudiacarrasq @cesarau09196274 @COL_EJERCITO NO IMPORTA que salgamos a votar 20 millones por @FicoGutierrez ,El registrador ""Tibisay VEGA"" y el @CNE_COLOMBIA al servicio de las 2 Prostitutas de la Justicia,""La suprema y La constitucional,se van a robar las elecciones a favor de ""PETRO"" ya se robaron las parlamentarias OJO!!";negative;anger;;
@Nata_Salud @Sandrag69 @AndresMejiaV ¡Hola Natalia! Te invitamos a descubrir tu #MatchPresidencial aquí: https://t.co/0E1tZKypTK;neutral;joy;;
"@supershadai @Registraduria Quien o que institución en Colombia atiende los reclamos al fraude electoral?
Porque no suspender a al registrador que ya la defeco en las elecciones de senado y camara.
Hay una desconfianza general en cuanto a las presidenciales.
Están provocando una respuesta violenta.";negative;anger;;
@BOLIBAR2 @AndresPastrana_ @santiagoangelp Un poco tarde con las elecciones encima… mal para Colombia;negative;sadness;;
No encontraron otra alternativa que llenar de miedo a Colombia, utilizan sus paramilitares para ganar elecciones. Es ahora o nunca @petrogustavo;negative;fear;;
@BOLIBAR2 @CNE_COLOMBIA @AndresPastrana_ Aquí no va a pasar nada, y petro de va a robar las elecciones presidenciales y el país;negative;anger;;
"@Enrique_GomezM NO IMPORTA que salgamos a votar 20 millones por @FicoGutierrez ,El registrador ""Tibisay VEGA"" y el @CNE_COLOMBIA al servicio de las 2 Prostitutas de la Justicia,""La suprema y La constitucional,se van a robar las elecciones a favor de ""PETRO"" ya se robaron las parlamentarias OJO!!";negative;anger;;
@FicoGutierrez @DANE_Colombia Gracias a @IvanDuque y ud que toma su legado, si Locombia  lo elige estamos condenados a lo mismo, verdad que tienen platica pa robarse ñas elecciones... hdspm!!;negative;anger;;
"@juanduribe61 @EstilachoH @AABenedetti NO IMPORTA que salgamos a votar 20 millones por @FicoGutierrez ,El registrador ""Tibisay VEGA"" y el @CNE_COLOMBIA al servicio de las 2 Prostitutas de la Justicia,""La suprema y La constitucional,se van a robar las elecciones a favor de ""PETRO"" ya se robaron las parlamentarias OJO!!";negative;anger;;
"Petro promete reanudar relaciones diplomáticas con Maduro si gana elecciones en Colombia
#TalCual #ClaroyRaspao #AmigosDeNuevo 
https://t.co/Kpm7VZydwZ https://t.co/VTL37dV7CD";neutral;fear;;
"@Karlaarcila @Alfonso67766030 NO IMPORTA que salgamos a votar 20 millones por @FicoGutierrez ,El registrador ""Tibisay VEGA"" y el @CNE_COLOMBIA al servicio de las 2 Prostitutas de la Justicia,""La suprema y La constitucional,se van a robar las elecciones a favor de ""PETRO"" ya se robaron las parlamentarias OJO!!";negative;anger;;
"@Karlaarcila @afilada7 NO IMPORTA que salgamos a votar 20 millones por @FicoGutierrez ,El registrador ""Tibisay VEGA"" y el @CNE_COLOMBIA al servicio de las 2 Prostitutas de la Justicia,""La suprema y La constitucional,se van a robar las elecciones a favor de ""PETRO"" ya se robaron las parlamentarias OJO!!";negative;anger;;
"@marco_caldono @ledamejia21 @JuampaSantos @petrogustavo NO IMPORTA que salgamos a votar 20 millones por @FicoGutierrez ,El registrador ""Tibisay VEGA"" y el @CNE_COLOMBIA al servicio de las 2 Prostitutas de la Justicia,""La suprema y La constitucional,se van a robar las elecciones a favor de ""PETRO"" ya se robaron las parlamentarias OJO!!";negative;anger;;
"@elcolombiano NO IMPORTA que salgamos a votar 20 millones por @FicoGutierrez ,El registrador ""Tibisay VEGA"" y el @CNE_COLOMBIA al servicio de las 2 Prostitutas de la Justicia,""La suprema y La constitucional,se van a robar las elecciones a favor de ""PETRO"" ya se robaron las parlamentarias OJO!!";negative;anger;;
"NO IMPORTA que salgamos a votar 20 millones por @FicoGutierrez ,El registrador ""Tibisay VEGA"" y el @CNE_COLOMBIA al servicio de las 2 Prostitutas de la Justicia,""La suprema y La constitucional,se van a robar las elecciones a favor de ""PETRO"" ya se robaron las parlamentarias OJO!!";negative;anger;;
“Casi 3000 aspirantes a jurados de votación inhabilitados en Colombia” https://t.co/2MCo0SBpog #Elecciones ?? por @gabrielamor;neutral;fear;;
"#Video ¿Cuántos votos necesitaron Duque y Petro para ir a segunda vuelta en 2018?

https://t.co/OhVfQMi6TU https://t.co/NmDDU27LFL";neutral;joy;;
"Ese Petro me salió como muy tirado al centro para mi gusto. ????????????????????????
hagan su match presidencial Aquí!!!!

https://t.co/ZMNhI0Lvl3 https://t.co/5XSAZbZs92 https://t.co/CRRkJy51fu";neutral;joy;;
"#ColombiaDecide | Federico Gutiérrez desde Riohacha: Hay quienes “negocian con corruptos en las cárceles”

https://t.co/IM628eMlaR";neutral;joy;;
"Tanto la inclusión de la segunda vuelta como la apertura del sistema político a más partidos hizo que el tarjetón se poblara de casi una decena de candidatos por proceso. 

#ContenidoPremiumEE #Elecciones2022 
https://t.co/tVxPTMLkC2";neutral;joy;;
"@mindefensa @infopresidencia @PoliciaColombia @FuerzaAereaCol @IvanDuque @FuerzasMilCol @GobDeBolivar @GobCordoba_ @GobSucre si se van a reunir  con  sus amigos aliados del clan del golfo para mirar como da;an las elecciones para este 29 de mayo eso es lo único que hace este NARCOGOBIERNO FAVORECER A PARAMILITARES Y LAS MAFIAS EN COLOMBIA";negative;anger;;
"El 29 de mayo, serán 
Las Elecciones en Colombia. https://t.co/k01o3i9ero";neutral;joy;;
"Me salió esto ??

https://t.co/TJokUajStC";neutral;joy;;
.@odonnellmaria y @ertenembaum entrevistan a Francia Márquez, candidata a vicepresidenta en la fórmula de Gustavo Petro para las elecciones presidenciales de Colombia. La cita, este sábado a las 9 P.M. (Miami), 10 P.M. (Buenos Aires) en #Conecta2 https://t.co/p93867hkre;neutral;joy;;
#ColombiaDecide | Candidatos presidenciales explican cómo combatirían la alta inflación en Colombia https://t.co/U2fxQzaVSR;neutral;joy;;
"@stendor @LaPullaOficial Un ""ladrón"" que no se robó un peso, eso es raro en Colombia, el que empieza el escándalo para que no se lleve el contrato es el mismo que se iba a ganar la supuesta coima, más raro, lo han aplazando por falta de pruebas en 3 ocasiones hasta llevarlo a fecha de elecciones, raro.";negative;anger;;
¿Qué pasa con policia, esmad y ejercito?, media colombia sitiada por paramilitares a 3 semanas de elecciones presidenciales y estos hptas nada, pero fueran estudiantes, niños mujeres embarazadas, ya le habían sacado los ojos, malparidos asesinos hptas @GaulaPolicia @COL_EJERCITO;negative;anger;;
@LEO06076235 @waldoalarconho1 @CNE_COLOMBIA @Registraduria @PGN_COL @MiguelA00036444 @PAME3_02F @marco_caldono @HdoPinillaPatin @mariubenoit @Andres_S_Co Cómo quiera que sea van a colocar al delincuente ese, robándose las elecciones de una manera bien descarada cómo hicieron en Chile y en Perú. https://t.co/SdnOWbygg1;negative;fear;;
Tienen todo listo para robarse las elecciones otra ves, ojo Colombia. https://t.co/toGqlfbrSX;negative;anger;;
"Esto está imparable!
 #ProgresistaSigueProgresista , #SúmateAlCambio , #YaLlegaElCambio .
Sigamos sumando y logremos transformar a Colombia con Petro y Francia! A ganar las elecciones en primera vuelta! Sígueme y te sigo!";positive;joy;;
"Exigimos garantías para la vida y la democracia. A 24 días de elecciones, #Colombia se encuentra sitiada por las mafias del #ClanDelGolfo sin que el gobierno haga nada! Pedimos a la comunidad internacional pronunciarse inmediatamente.

@WOLA_org #QuienRespondePor #ParoArmado https://t.co/G6qEJKkpcU";negative;anger;;
La. Justicia en colombia es una mierda. El registrador va a torcer las elecciones. Donde esta el presidente par aq suspendan. Retiren del cargo a ese perro https://t.co/l3ofo0FE2l;negative;anger;;
"¿Cuántos votos necesitaron Duque y Petro para ir a segunda vuelta en 2018?
https://t.co/aS2FPlnbAU https://t.co/xddQRBZFYF";neutral;joy;;
FRAUDE DE LA IZQUIERDA EN COLOMBIA ANULA  LAS ELECCIONES https://t.co/i7vjkTZFZx;negative;anger;;
"??????A 23 días de la Primera Vuelta  siguen apareciendo PRUEBAS del descomunal fraude en elecciones al Congreso y no pasa nada. Señores @infopresidencia @FiscaliaCol @PGN_COL @CNE_COLOMBIA ¡Si no actúan se robarán también las presidenciales! 
#ExigimosEleccionesTransparentes ???? https://t.co/a3jbnGSN0V";negative;anger;;
@tinagus2000 Evidentemente la persecución judicial, la aceleración de cosas, las trabas del @cnegobec para la inscripción , el viaje de la fiscal a Colombia y el papel de otras instituciones influyeron en la victoria de Lasso. Al otro candidato lo desgastaron, mucha antes de las elecciones.;negative;anger;;
@RobinsonBaena Mosca camarada, el uribismo aprovechando las acciones de estos delincuentes quieren desestabilizar Colombia porque se ven perdidos en las elecciones https://t.co/ZN08tBGBax;negative;anger;;
FRAUDE DE LA IZQUIERDA ANULA LAS ELECCIONES EN COLOMBIA https://t.co/ua35EWyuJn;negative;anger;;
FRAUDE DE LA IZQUIERDA ANULA LAS ELECCIONES EN COLOMBIA https://t.co/06U3gw0vwY;negative;anger;;
Es más que obvio que esa extradición de #Otoniel más que estrategia para silenciarlo, era la excusa para explotar este #ParoArmado y afectar así las elecciones, evitar que la gente se mueva a votar masivamente. #Colombia;negative;anger;;
Haga “match” con la elección presidencial | EL ESPECTADOR https://t.co/LD3WviiaEz;neutral;joy;;
"""El uribismo intenta en una carrera contrarreloj sacar adelante en el Congreso una reforma de la ley de traspaso de poder para impedir a la izquierda acceder a información clasificada de seguridad nacional en el caso de llegar al poder"" https://t.co/Uy0NoJrcev vía @elsaltodiario";negative;anger;;
@MONYRODRIGUEZOF Ojalá que petrochanda se alejé de la política cuando pierda las elecciones.por que Colombia siempre será y ganará la Democracia.;negative;anger;;
@JulianFMartinez @DNP_Colombia @aleboterob Estaban esperando el momento preciso. Las elecciones.;neutral;joy;;
@condeza6 @Gonzalo00333993 @Pura_Miel @Registraduria @CNE_COLOMBIA @moecolombia @PGN_COL Coño que porquería de país , acaso la procuradora se revolcó con el registrador y le tomo fotos y videos que la tiene chantajeada o que , que carajos es lo que esa vieja está esperando que se forme un mierdero el día de las elecciones?;negative;anger;;
(Elecciones Colombia: ¿qué muestran las más recientes encuestas presidenciales?) publicado en https://t.co/XJ7xIbDAXM - https://t.co/kBmI6ABhaM https://t.co/iDU3rbQpNu;neutral;joy;;
@CoronelBillKil1 El tipo más demócrata de Colombia es Petro. No solo le robaron las elecciones de hace 4 años ,sino que el estamento no se ha encargado sino de perseguirlo con sanciones y faltas investigaciones. Todo lo ha ganado Petro;negative;anger;;
"Ya está disponible la entrevista que le hice a mi amigo Agustín Laje sobre las elecciones en Colombia. No se lo pierdan. 
@AgustinLaje
 https://t.co/FeuVfOt4bZ";positive;joy;;
#ParoArmado q afecta a Colombia en estos momentos es el abre bocas de lo q se viene con la lacra de Petro cuando pierda las elecciones.;negative;anger;;
Actualidad, Elecciones, Manipulación Social  y Agenda del Miedo en Colombia. https://t.co/tN0PbrCr22;negative;fear;;
Procuraduría alerta que 2.925 jurados de votación están inhabilitados para elecciones Colombia via @ElColombiano https://t.co/i62hR3wv5r;neutral;joy;;
"Señores. @PGN_COL

El país reclama elecciones transparentes en primera vuelta presidencial el 29 de mayo.

Opinión. @PGN_COL @CNE_COLOMBIA @moecolombia https://t.co/ceSkMa0f3W";positive;joy;;
"Luis Pérez se caracteriza por tener un estilo de ropa colorida y a la medida. En este capítulo de #ElHilo le contamos qué comunica con las prendas que usa el candidato.
https://t.co/BQkQzsF1Mu

#Elecciones2022 #ColombiaDecide https://t.co/qSKzzQgQn2";positive;joy;;
"Estos son los tarjetones con los que Colombia ha votado a la presidencia en 28 años:

https://t.co/7jcyCwQuni";neutral;joy;;
@FicoGutierrez Señores quien creo la AUC en colombia. Ahora se les salieron de las manos o es simplemente una estrategia para ganar las elecciones creando el caso en el país y echándole las culpas a otros. De verdad que somos un país donde todo lo olvidamos por eso estamos como estamos.;negative;anger;;
Casi 3000 inscritos para ser jurados de votación en las elecciones presidenciales están inhabilitados, reveló la Procuraduría https://t.co/XhbXssLCnE;neutral;fear;;
@CARLOSFMEJIA @infopresidencia @PGN_COL @FiscaliaCol @CNE_COLOMBIA Para que elecciones si el Registrador Va A ponerle Votos  Al hampon del petró hipócritas.;negative;anger;;
Episodio 8 - En este nuevo episodio Alicia Eugenia Silva nos plantea una reflexión,  en estas elecciones ¿el país sigue polarizado? o ¿nace un nuevo bipartidismo en Colombia? https://t.co/HYnK26DpNn via @YouTube;neutral;joy;;
Uribe y sus aliados siembran zozobra para suspender elecciones en colombia ???? https://t.co/wPM7Wft8bo;neutral;anger;;
"Alertan que miles de jurados de votación están inhabilitados para estar en las elecciones a Presidente https://t.co/U0B0pSdoT0
via SQUID App https://t.co/HbtsGbArmc";neutral;fear;;
"@NoticiasCaracol @AlvaroUribeVel el promotor del paramilitarismo en Colombia, se quiere lavar las manos? Como van perdiendo las elecciones, acuden a infundir miedo y muerte, para vender ""paz"". La misma estrategia de siempre. Si hay un Dios, que le de una lección a este ser deplorable.";negative;fear;;
;;;;
;;;;
;;;;
;;;;
;;;;
;;;;
;;;;
;;;;
;;;;
;;;;
